,iter,drug,tissue,model,feature,BIC,acc,tp,tn,fp,fn,roc_auc,brier,log_loss
0,0,Atezo,KIRC,LR,IMPRES,3.510188469469484,0.5588235294117647,5,14,10,5,0.4979166666666667,0.2514062752026692,0.6959666805526408
1,1,Atezo,KIRC,LR,IMPRES,3.504132183475825,0.5,0,17,7,10,0.26458333333333334,0.25039514778108624,0.6939374869319833
2,2,Atezo,KIRC,LR,IMPRES,3.508701262066177,0.5588235294117647,4,15,9,6,0.4791666666666667,0.2503958045280722,0.69393839567011
3,3,Atezo,KIRC,LR,IMPRES,3.5095234061309064,0.5882352941176471,2,18,6,8,0.47708333333333336,0.24993592355439298,0.6930211739605897
4,4,Atezo,KIRC,LR,IMPRES,3.5077127977023066,0.47058823529411764,2,14,10,8,0.49583333333333335,0.2510717861964989,0.6952919743044252
5,5,Atezo,KIRC,LR,IMPRES,3.5057707180382947,0.5294117647058824,3,15,9,7,0.5458333333333333,0.24961478388852743,0.6923763382260901
6,6,Atezo,KIRC,LR,IMPRES,3.5053162268051894,0.4411764705882353,9,6,18,1,0.6145833333333333,0.24990689080085335,0.6929611048944944
7,7,Atezo,KIRC,LR,IMPRES,3.508224354162209,0.5882352941176471,3,17,7,7,0.48958333333333337,0.24835913794391828,0.689858680880109
8,8,Atezo,KIRC,LR,IMPRES,3.5137065125640823,0.5588235294117647,2,17,7,8,0.4145833333333333,0.2512209332990562,0.6956054538551432
9,9,Atezo,KIRC,LR,IMPRES,3.50746758910942,0.5,3,14,10,7,0.4979166666666667,0.25078228470121955,0.6947125164976267
10,10,Atezo,KIRC,LR,IMPRES,3.504708071993006,0.5588235294117647,2,17,7,8,0.5958333333333333,0.24886296068929306,0.6908728772890567
11,11,Atezo,KIRC,LR,IMPRES,3.5075564706698668,0.5882352941176471,4,16,8,6,0.5270833333333333,0.24893103569141384,0.6910053212192733
12,12,Atezo,KIRC,LR,IMPRES,3.5045879183373607,0.5882352941176471,4,16,8,6,0.6020833333333334,0.2485770915798629,0.6903009259908572
13,13,Atezo,KIRC,LR,IMPRES,3.50621895963846,0.4411764705882353,8,7,17,2,0.5333333333333333,0.2501334892643509,0.6934126751440792
14,14,Atezo,KIRC,LR,IMPRES,3.50755990660137,0.47058823529411764,3,13,11,7,0.46875,0.25081964168927984,0.6947866300817378
15,15,Atezo,KIRC,LR,IMPRES,3.5050891791420833,0.6176470588235294,4,17,7,6,0.5875,0.24902908966129775,0.6912050960071598
16,16,Atezo,KIRC,LR,IMPRES,3.5084137257864505,0.47058823529411764,9,7,17,1,0.4625,0.25206513608955267,0.697278832472372
17,17,Atezo,KIRC,LR,IMPRES,3.5056530210995573,0.4117647058823529,8,6,18,2,0.5833333333333334,0.250111951182059,0.6933711262319846
18,18,Atezo,KIRC,LR,IMPRES,3.5080053247467324,0.5588235294117647,3,16,8,7,0.5145833333333334,0.24976214544407238,0.6926726344673739
19,19,Atezo,KIRC,LR,IMPRES,3.5136442471636213,0.5294117647058824,3,15,9,7,0.41666666666666663,0.253828607217224,0.7008219368865719
20,20,Atezo,KIRC,LR,IMPRES,3.5044176197313073,0.6470588235294118,4,18,6,6,0.6479166666666667,0.24926191941488518,0.6916709607322583
21,21,Atezo,KIRC,LR,IMPRES,3.5127028933276296,0.47058823529411764,2,14,10,8,0.3770833333333333,0.2536747173175071,0.7005051640722717
22,22,Atezo,KIRC,LR,IMPRES,3.5065792868553585,0.5,4,13,11,6,0.5166666666666667,0.24995639850839968,0.6930597337090901
23,23,Atezo,KIRC,LR,IMPRES,3.5048889016035467,0.5882352941176471,3,17,7,7,0.61875,0.24884350503281047,0.6908339151500325
24,24,Atezo,KIRC,LR,IMPRES,3.504157336276508,0.7058823529411765,4,20,4,6,0.6583333333333334,0.24929993433936345,0.6917470263016453
25,25,Atezo,KIRC,LR,IMPRES,3.5088685305365366,0.5588235294117647,4,15,9,6,0.4708333333333333,0.25112769735710455,0.6954039265793014
26,26,Atezo,KIRC,LR,IMPRES,3.509605720590671,0.5294117647058824,4,14,10,6,0.4833333333333334,0.25167627426145767,0.6965055633240229
27,27,Atezo,KIRC,LR,IMPRES,3.509219692825969,0.5294117647058824,3,15,9,7,0.47083333333333344,0.25006287057198784,0.6932727693689665
28,28,Atezo,KIRC,LR,IMPRES,3.5062943603256134,0.4411764705882353,9,6,18,1,0.5729166666666666,0.2506543571225111,0.6944569449523841
29,29,Atezo,KIRC,LR,IMPRES,3.5064773113786676,0.5588235294117647,5,14,10,5,0.5291666666666667,0.24974217328744644,0.6926294273096514
30,30,Atezo,KIRC,LR,IMPRES,3.510797824598497,0.4117647058823529,3,11,13,7,0.4,0.25301080585115243,0.6991701476758597
31,31,Atezo,KIRC,LR,IMPRES,3.5071286152129515,0.5294117647058824,4,14,10,6,0.53125,0.2502707518295857,0.6936897165024805
32,32,Atezo,KIRC,LR,IMPRES,3.5057278753525742,0.6470588235294118,3,19,5,7,0.6166666666666667,0.24893672450795618,0.6910208774952344
33,33,Atezo,KIRC,LR,IMPRES,3.5130098687408493,0.4117647058823529,2,12,12,8,0.35416666666666674,0.2532127910259245,0.6995748799534672
34,34,Atezo,KIRC,LR,IMPRES,3.5075060618352465,0.6470588235294118,3,19,5,7,0.5041666666666667,0.24885889182699628,0.6908648621863017
35,35,Atezo,KIRC,LR,IMPRES,3.5056824740605697,0.5294117647058824,3,15,9,7,0.5416666666666667,0.24918655936207626,0.6915197913901225
36,36,Atezo,KIRC,LR,IMPRES,3.5051562500555518,0.5882352941176471,4,16,8,6,0.60625,0.2486246268621033,0.6903962546585939
37,37,Atezo,KIRC,LR,IMPRES,3.5048530910622784,0.4411764705882353,8,7,17,2,0.5687500000000001,0.24951322769255946,0.6921733421890746
38,38,Atezo,KIRC,LR,IMPRES,3.50625041789848,0.47058823529411764,9,7,17,1,0.53125,0.2503155495031831,0.6937780204230881
39,39,Atezo,KIRC,LR,IMPRES,3.5040598015321933,0.47058823529411764,0,16,8,10,0.32291666666666663,0.2500953491265045,0.6933378790332919
40,40,Atezo,KIRC,LR,IMPRES,3.5073042884146552,0.3235294117647059,8,3,21,2,0.4687500000000001,0.2514621530008847,0.6960709716666632
41,41,Atezo,KIRC,LR,IMPRES,3.504092302982486,0.6176470588235294,4,17,7,6,0.6625,0.24958720411253607,0.6923215834324239
42,42,Atezo,KIRC,LR,IMPRES,3.5055027781904022,0.47058823529411764,1,15,9,9,0.4895833333333333,0.24903576942454642,0.6912170099578168
43,43,Atezo,KIRC,LR,IMPRES,3.506844771973197,0.4117647058823529,10,4,20,0,0.53125,0.2514014301130846,0.6959516546599818
44,44,Atezo,KIRC,LR,IMPRES,3.5046384388572323,0.5882352941176471,3,17,7,7,0.5916666666666667,0.24918688294292335,0.6915207278142445
45,45,Atezo,KIRC,LR,IMPRES,3.5047786681664572,0.6176470588235294,4,17,7,6,0.6166666666666667,0.2482536620847137,0.6896539477732462
46,46,Atezo,KIRC,LR,IMPRES,3.5085141939084004,0.5882352941176471,3,17,7,7,0.4666666666666667,0.25009292431483254,0.6933334618787451
47,47,Atezo,KIRC,LR,IMPRES,3.5055714020045445,0.5588235294117647,5,14,10,5,0.55625,0.24944650816258668,0.6920398191766709
48,48,Atezo,KIRC,LR,IMPRES,3.5041151398900947,0.7352941176470589,6,19,5,4,0.6729166666666666,0.249388007679219,0.6919231739446808
49,49,Atezo,KIRC,LR,IMPRES,3.505323517672636,0.4117647058823529,9,5,19,1,0.5437500000000001,0.24975359456938045,0.6926534390575718
50,50,Atezo,KIRC,LR,IMPRES,3.512986896885063,0.5588235294117647,2,17,7,8,0.43124999999999997,0.25226085043007035,0.6976840344386739
51,51,Atezo,KIRC,LR,IMPRES,3.504918802019053,0.6176470588235294,5,16,8,5,0.6,0.24880606102585634,0.6907586918967703
52,52,Atezo,KIRC,LR,IMPRES,3.504054767101863,0.7058823529411765,0,24,0,10,0.5,0.25,0.6931471805599452
53,53,Atezo,KIRC,LR,IMPRES,3.5096639145503747,0.47058823529411764,2,14,10,8,0.4395833333333333,0.25120736125766396,0.6955641599151872
54,54,Atezo,KIRC,LR,IMPRES,3.5157694834541715,0.5,4,13,11,6,0.40625,0.25271693334054424,0.698607171338824
55,55,Atezo,KIRC,LR,IMPRES,3.506957773793679,0.47058823529411764,3,13,11,7,0.525,0.24942491838844852,0.6919955272333707
56,56,Atezo,KIRC,LR,IMPRES,3.504081217308328,0.6470588235294118,5,17,7,5,0.6749999999999999,0.24967798844830794,0.6925031533993389
57,57,Atezo,KIRC,LR,IMPRES,3.5087606570697094,0.4411764705882353,3,12,12,7,0.45000000000000007,0.25132100577624994,0.69578913138201
58,58,Atezo,KIRC,LR,IMPRES,3.5055672031127822,0.5,3,14,10,7,0.55625,0.24878629020276163,0.6907190976196167
59,59,Atezo,KIRC,LR,IMPRES,3.5060699009840897,0.5294117647058824,3,15,9,7,0.5750000000000001,0.24904155924372268,0.6912304543209714
60,60,Atezo,KIRC,LR,IMPRES,3.509477523730876,0.4411764705882353,3,12,12,7,0.4458333333333334,0.2513856045467881,0.6959148615587661
61,61,Atezo,KIRC,LR,IMPRES,3.504055153594043,0.7058823529411765,4,20,4,6,0.6958333333333334,0.2499502544747371,0.693047689498444
62,62,Atezo,KIRC,LR,IMPRES,3.50910739744161,0.47058823529411764,2,14,10,8,0.4375,0.25122880039440726,0.6956061691923974
63,63,Atezo,KIRC,LR,IMPRES,3.5100701951328346,0.5,2,15,9,8,0.43333333333333335,0.25162305014463066,0.6963951393608728
64,64,Atezo,KIRC,LR,IMPRES,3.5056645598688667,0.5882352941176471,4,16,8,6,0.5875000000000001,0.24918560069632026,0.6915183301691876
65,65,Atezo,KIRC,LR,IMPRES,3.507471787991258,0.5588235294117647,3,16,8,7,0.50625,0.24893473925468063,0.6910128731074128
66,66,Atezo,KIRC,LR,IMPRES,3.50543197245071,0.4411764705882353,9,6,18,1,0.5687500000000001,0.24975153812904013,0.692650089149473
67,67,Atezo,KIRC,LR,IMPRES,3.504371952737189,0.5588235294117647,3,16,8,7,0.64375,0.2490950837920268,0.6913372763538005
68,68,Atezo,KIRC,LR,IMPRES,3.5065978203194317,0.5294117647058824,2,16,8,8,0.5208333333333334,0.24887662278721834,0.690897414064609
69,69,Atezo,KIRC,LR,IMPRES,3.5046643780843407,0.6176470588235294,5,16,8,5,0.6270833333333333,0.24946088174970538,0.6920688769593288
70,70,Atezo,KIRC,LR,IMPRES,3.5051255971849553,0.6176470588235294,4,17,7,6,0.5895833333333333,0.24940086845347387,0.6919488193145289
71,71,Atezo,KIRC,LR,IMPRES,3.5155986507117625,0.4411764705882353,1,14,10,9,0.3375,0.2551401229313334,0.7034439978582823
72,72,Atezo,KIRC,LR,IMPRES,3.506969390036865,0.5294117647058824,4,14,10,6,0.525,0.2505850544499799,0.6943183244557136
73,73,Atezo,KIRC,LR,IMPRES,3.5103657529908356,0.5,4,13,11,6,0.47291666666666665,0.25148315659017384,0.6961208399830954
74,74,Atezo,KIRC,LR,IMPRES,3.5064621471134916,0.5588235294117647,3,16,8,7,0.5166666666666666,0.24920941374163638,0.6915634552901772
75,75,Atezo,KIRC,LR,IMPRES,3.504334690749567,0.47058823529411764,10,6,18,0,0.6708333333333333,0.24955974010030366,0.6922666365153467
76,76,Atezo,KIRC,LR,IMPRES,3.5040695255572993,0.7352941176470589,7,18,6,3,0.7208333333333334,0.24978293747141714,0.6927130552480127
77,77,Atezo,KIRC,LR,IMPRES,3.5047351350589637,0.20588235294117646,3,4,20,7,0.19791666666666663,0.2524944513683414,0.6981364365805584
78,78,Atezo,KIRC,LR,IMPRES,3.5048456184757066,0.5882352941176471,6,14,10,4,0.6020833333333333,0.24865134827174473,0.6904491323434824
79,79,Atezo,KIRC,LR,IMPRES,3.506957334539833,0.5,3,14,10,7,0.5041666666666667,0.24874102007743767,0.6906281199073186
80,80,Atezo,KIRC,LR,IMPRES,3.5046362369700614,0.5882352941176471,2,18,6,8,0.6,0.24865867417436333,0.690464237969556
81,81,Atezo,KIRC,LR,IMPRES,3.504310351461149,0.5294117647058824,10,8,16,0,0.6541666666666667,0.2496718514416097,0.6924908726378096
82,82,Atezo,KIRC,LR,IMPRES,3.5082757685958788,0.4411764705882353,2,13,11,8,0.44791666666666674,0.2504686662834597,0.6940827329506957
83,83,Atezo,KIRC,LR,IMPRES,3.506830647364322,0.5882352941176471,4,16,8,6,0.5229166666666667,0.2494260340892131,0.6919970434457803
84,84,Atezo,KIRC,LR,IMPRES,3.504131825337069,0.6470588235294118,4,18,6,6,0.675,0.24946174907385443,0.6920706683992187
85,85,Atezo,KIRC,LR,IMPRES,3.5050864210201507,0.5588235294117647,5,14,10,5,0.6020833333333333,0.24941759056324808,0.6919824318268499
86,86,Atezo,KIRC,LR,IMPRES,3.505048485000748,0.6470588235294118,6,16,8,4,0.625,0.24943023329621059,0.6920076148607934
87,87,Atezo,KIRC,LR,IMPRES,3.511874097775474,0.5294117647058824,3,15,9,7,0.4395833333333333,0.25089954786587193,0.6949435069364247
88,88,Atezo,KIRC,LR,IMPRES,3.506093090976952,0.5588235294117647,2,17,7,8,0.5520833333333334,0.24877833952372388,0.6907022047268466
89,89,Atezo,KIRC,LR,IMPRES,3.5152142849963797,0.47058823529411764,1,15,9,9,0.3770833333333333,0.2535713392569554,0.7003061129933039
90,90,Atezo,KIRC,LR,IMPRES,3.5069425685867683,0.5588235294117647,3,16,8,7,0.5416666666666666,0.2502242113978821,0.6935966777957683
91,91,Atezo,KIRC,LR,IMPRES,3.5087830752032847,0.5588235294117647,2,17,7,8,0.46875,0.2501579805450226,0.6934596925156672
92,92,Atezo,KIRC,LR,IMPRES,3.5099806213709472,0.5,2,15,9,8,0.4416666666666667,0.24935776979385818,0.6918485715006267
93,93,Atezo,KIRC,LR,IMPRES,3.5064113446930296,0.5294117647058824,2,16,8,8,0.53125,0.24944448749175532,0.6920357943450801
94,94,Atezo,KIRC,LR,IMPRES,3.510690729653894,0.47058823529411764,2,14,10,8,0.44166666666666665,0.2510527819316982,0.6952553948183438
95,95,Atezo,KIRC,LR,IMPRES,3.505446060298242,0.6764705882352942,6,17,7,4,0.6229166666666667,0.24927470878434796,0.6916969316138325
96,96,Atezo,KIRC,LR,IMPRES,3.504056002155137,0.6470588235294118,5,17,7,5,0.7000000000000001,0.24993143135015844,0.6930100432204848
97,97,Atezo,KIRC,LR,IMPRES,3.5043990506935714,0.6176470588235294,4,17,7,6,0.6333333333333333,0.24937903780227344,0.6919051890543668
98,98,Atezo,KIRC,LR,IMPRES,3.514327932221091,0.47058823529411764,1,15,9,9,0.43125,0.25143305433369195,0.6960352630208204
99,99,Atezo,KIRC,LR,IMPRES,3.5049644878450987,0.5588235294117647,3,16,8,7,0.5833333333333334,0.24874851790890257,0.6906439015206255
100,0,Atezo,KIRC,KNN,IMPRES,NA,0.7058823529411765,0,24,0,10,0.6458333333333334,0.1982352941176471,0.5844217077682119
101,1,Atezo,KIRC,KNN,IMPRES,NA,0.7058823529411765,0,24,0,10,0.6875000000000001,0.18933823529411764,0.5450448177924931
102,2,Atezo,KIRC,KNN,IMPRES,NA,0.6764705882352942,0,23,1,10,0.4791666666666667,0.27205882352941174,1.7328679513998635
103,3,Atezo,KIRC,KNN,IMPRES,NA,0.7058823529411765,0,24,0,10,0.4625,0.29411764705882354,7.665392349721747
104,4,Atezo,KIRC,KNN,IMPRES,NA,0.7058823529411765,0,24,0,10,0.5270833333333333,0.22558823529411764,0.6509554170628815
105,5,Atezo,KIRC,KNN,IMPRES,NA,0.4117647058823529,1,13,11,9,0.33333333333333337,0.29794117647058826,0.8139587631630351
106,6,Atezo,KIRC,KNN,IMPRES,NA,0.7058823529411765,0,24,0,10,0.5666666666666667,0.20955882352941177,0.6129046553971458
107,7,Atezo,KIRC,KNN,IMPRES,NA,0.7058823529411765,0,24,0,10,0.5958333333333333,0.20588235294117646,0.5994531109356113
108,8,Atezo,KIRC,KNN,IMPRES,NA,0.7058823529411765,0,24,0,10,0.46041666666666664,0.22911764705882356,0.6928849707309805
109,9,Atezo,KIRC,KNN,IMPRES,NA,0.7058823529411765,0,24,0,10,0.49999999999999994,0.24356617647058823,0.6914379027730804
110,10,Atezo,KIRC,KNN,IMPRES,NA,0.7058823529411765,0,24,0,10,0.7395833333333333,0.17647058823529413,0.5205742399794192
111,11,Atezo,KIRC,KNN,IMPRES,NA,0.6176470588235294,6,15,9,4,0.58125,0.29738562091503273,0.8349805153138551
112,12,Atezo,KIRC,KNN,IMPRES,NA,0.7058823529411765,0,24,0,10,0.55,0.21405228758169934,0.6264156521033876
113,13,Atezo,KIRC,KNN,IMPRES,NA,0.7058823529411765,0,24,0,10,0.39583333333333326,0.26552287581699346,0.7433401524912089
114,14,Atezo,KIRC,KNN,IMPRES,NA,0.7058823529411765,0,24,0,10,0.3520833333333333,0.2952941176470588,5.741419498094096
115,15,Atezo,KIRC,KNN,IMPRES,NA,0.7058823529411765,0,24,0,10,0.31875,0.2957516339869281,5.728918406553488
116,16,Atezo,KIRC,KNN,IMPRES,NA,0.7058823529411765,0,24,0,10,0.375,0.2775735294117647,2.733061656932426
117,17,Atezo,KIRC,KNN,IMPRES,NA,0.7058823529411765,0,24,0,10,0.5333333333333333,0.21058823529411766,0.6145945607189871
118,18,Atezo,KIRC,KNN,IMPRES,NA,0.7058823529411765,0,24,0,10,0.39375,0.28308823529411764,7.6565325524914485
119,19,Atezo,KIRC,KNN,IMPRES,NA,0.5,5,12,12,5,0.5,0.27941176470588236,1.7479957895160496
120,20,Atezo,KIRC,KNN,IMPRES,NA,0.7058823529411765,0,24,0,10,0.4541666666666667,0.2573529411764706,2.6887637936012307
121,21,Atezo,KIRC,KNN,IMPRES,NA,0.7058823529411765,0,24,0,10,0.65,0.21895424836601307,1.599808421773911
122,22,Atezo,KIRC,KNN,IMPRES,NA,0.6764705882352942,0,23,1,10,0.35000000000000003,0.3235294117647059,5.786353418922591
123,23,Atezo,KIRC,KNN,IMPRES,NA,0.4411764705882353,1,14,10,9,0.3333333333333333,0.34375,0.9050766759915005
124,24,Atezo,KIRC,KNN,IMPRES,NA,0.7058823529411765,0,24,0,10,0.5979166666666667,0.2147058823529412,0.6313318944742755
125,25,Atezo,KIRC,KNN,IMPRES,NA,0.7058823529411765,0,24,0,10,0.48541666666666666,0.23937908496732027,0.6782459897894629
126,26,Atezo,KIRC,KNN,IMPRES,NA,0.7058823529411765,0,24,0,10,0.6791666666666667,0.1895424836601307,0.5593901060334838
127,27,Atezo,KIRC,KNN,IMPRES,NA,0.6764705882352942,0,23,1,10,0.5770833333333334,0.2426470588235294,2.6298819497715575
128,28,Atezo,KIRC,KNN,IMPRES,NA,0.7058823529411765,0,24,0,10,0.5229166666666667,0.22058823529411767,0.6543941430091116
129,29,Atezo,KIRC,KNN,IMPRES,NA,0.6764705882352942,0,23,1,10,0.53125,0.27941176470588236,6.646058260663004
130,30,Atezo,KIRC,KNN,IMPRES,NA,0.47058823529411764,4,12,12,6,0.41666666666666663,0.3400735294117647,0.9093295230999794
131,31,Atezo,KIRC,KNN,IMPRES,NA,0.7058823529411765,0,24,0,10,0.5,0.23115808823529413,1.6426558699482297
132,32,Atezo,KIRC,KNN,IMPRES,NA,0.7058823529411765,0,24,0,10,0.5833333333333334,0.20676470588235296,0.6092635975841646
133,33,Atezo,KIRC,KNN,IMPRES,NA,0.7058823529411765,0,24,0,10,0.48125,0.2647058823529412,4.660819626934494
134,34,Atezo,KIRC,KNN,IMPRES,NA,0.5882352941176471,3,17,7,7,0.5229166666666667,0.3897058823529412,11.844662114862594
135,35,Atezo,KIRC,KNN,IMPRES,NA,0.7058823529411765,0,24,0,10,0.5291666666666667,0.27941176470588236,9.581740437152185
136,36,Atezo,KIRC,KNN,IMPRES,NA,0.7058823529411765,0,24,0,10,0.575,0.25,6.564511533538305
137,37,Atezo,KIRC,KNN,IMPRES,NA,0.7058823529411765,0,24,0,10,0.5708333333333333,0.21058823529411766,0.6213323045942456
138,38,Atezo,KIRC,KNN,IMPRES,NA,0.7058823529411765,0,24,0,10,0.4625,0.26552287581699346,4.661184995169746
139,39,Atezo,KIRC,KNN,IMPRES,NA,0.6764705882352942,7,16,8,3,0.6958333333333333,0.3602941176470588,8.827433211248714
140,40,Atezo,KIRC,KNN,IMPRES,NA,0.7058823529411765,0,24,0,10,0.5958333333333334,0.21001838235294118,0.6063748013402515
141,41,Atezo,KIRC,KNN,IMPRES,NA,0.7058823529411765,0,24,0,10,0.46875,0.2670588235294118,3.695627268645671
142,42,Atezo,KIRC,KNN,IMPRES,NA,0.7058823529411765,0,24,0,10,0.5541666666666667,0.2273529411764706,0.6770967596385421
143,43,Atezo,KIRC,KNN,IMPRES,NA,0.7058823529411765,0,24,0,10,0.6375,0.20174632352941177,0.593124423239581
144,44,Atezo,KIRC,KNN,IMPRES,NA,0.7058823529411765,0,24,0,10,0.5791666666666666,0.23161764705882354,2.6060310610593125
145,45,Atezo,KIRC,KNN,IMPRES,NA,0.5,3,14,10,7,0.4708333333333333,0.2626470588235294,0.7295876777386504
146,46,Atezo,KIRC,KNN,IMPRES,NA,0.7058823529411765,0,24,0,10,0.4604166666666667,0.22764705882352948,0.6751793845955322
147,47,Atezo,KIRC,KNN,IMPRES,NA,0.7058823529411765,0,24,0,10,0.6291666666666667,0.1961764705882353,0.5719856691095153
148,48,Atezo,KIRC,KNN,IMPRES,NA,0.7058823529411765,0,24,0,10,0.5520833333333333,0.22441176470588237,0.6377959268013293
149,49,Atezo,KIRC,KNN,IMPRES,NA,0.7058823529411765,0,24,0,10,0.5354166666666667,0.22147058823529409,0.630236558616449
150,50,Atezo,KIRC,KNN,IMPRES,NA,0.7058823529411765,0,24,0,10,0.47916666666666663,0.23705882352941174,0.6707022502126714
151,51,Atezo,KIRC,KNN,IMPRES,NA,0.7058823529411765,0,24,0,10,0.46666666666666673,0.3014705882352941,9.642900482495708
152,52,Atezo,KIRC,KNN,IMPRES,NA,0.7058823529411765,0,24,0,10,0.575,0.22794117647058823,1.6105478607128143
153,53,Atezo,KIRC,KNN,IMPRES,NA,0.7058823529411765,0,24,0,10,0.4541666666666666,0.22472426470588236,0.6597502149388041
154,54,Atezo,KIRC,KNN,IMPRES,NA,0.7058823529411765,0,24,0,10,0.48333333333333334,0.21405228758169936,0.6238531069747085
155,55,Atezo,KIRC,KNN,IMPRES,NA,0.7058823529411765,0,24,0,10,0.6291666666666667,0.1997058823529412,0.585699234179837
156,56,Atezo,KIRC,KNN,IMPRES,NA,0.6764705882352942,5,18,6,5,0.6354166666666667,0.23713235294117646,0.6569722876863321
157,57,Atezo,KIRC,KNN,IMPRES,NA,0.6764705882352942,0,23,1,10,0.4791666666666667,0.3235294117647059,11.661181978832019
158,58,Atezo,KIRC,KNN,IMPRES,NA,0.7058823529411765,0,24,0,10,0.5125,0.2120588235294118,0.6185219546197083
159,59,Atezo,KIRC,KNN,IMPRES,NA,0.6764705882352942,0,23,1,10,0.6125,0.23529411764705882,3.5880559934867757
160,60,Atezo,KIRC,KNN,IMPRES,NA,0.7058823529411765,0,24,0,10,0.4666666666666666,0.23382352941176465,2.6410108541449393
161,61,Atezo,KIRC,KNN,IMPRES,NA,0.7058823529411765,0,24,0,10,0.475,0.23253676470588236,0.6922876046361929
162,62,Atezo,KIRC,KNN,IMPRES,NA,0.7058823529411765,0,24,0,10,0.575,0.20634191176470587,0.6035682242821966
163,63,Atezo,KIRC,KNN,IMPRES,NA,0.7058823529411765,0,24,0,10,0.5875,0.22794117647058823,2.589108586209208
164,64,Atezo,KIRC,KNN,IMPRES,NA,0.7058823529411765,0,24,0,10,0.4750000000000001,0.23805147058823528,2.6557156095391456
165,65,Atezo,KIRC,KNN,IMPRES,NA,0.7058823529411765,0,24,0,10,0.5,0.29411764705882354,10.601074526210926
166,66,Atezo,KIRC,KNN,IMPRES,NA,0.6764705882352942,0,23,1,10,0.5145833333333334,0.2647058823529412,2.691041995115082
167,67,Atezo,KIRC,KNN,IMPRES,NA,0.7058823529411765,0,24,0,10,0.5,0.27205882352941174,5.647110853385437
168,68,Atezo,KIRC,KNN,IMPRES,NA,0.7058823529411765,0,24,0,10,0.5125,0.24205882352941177,0.696156118544299
169,69,Atezo,KIRC,KNN,IMPRES,NA,0.7058823529411765,0,24,0,10,0.64375,0.1973529411764706,0.5893199324001406
170,70,Atezo,KIRC,KNN,IMPRES,NA,0.6470588235294118,0,22,2,10,0.575,0.2647058823529412,4.648163446107868
171,71,Atezo,KIRC,KNN,IMPRES,NA,0.7058823529411765,0,24,0,10,0.5229166666666667,0.24862132352941177,4.621311537434203
172,72,Atezo,KIRC,KNN,IMPRES,NA,0.7058823529411765,0,24,0,10,0.3666666666666667,0.3069852941176471,7.716159774272063
173,73,Atezo,KIRC,KNN,IMPRES,NA,0.7058823529411765,0,24,0,10,0.5416666666666667,0.2111764705882353,0.6184433191301552
174,74,Atezo,KIRC,KNN,IMPRES,NA,0.5588235294117647,4,15,9,6,0.54375,0.28125,1.7459276595136521
175,75,Atezo,KIRC,KNN,IMPRES,NA,0.7058823529411765,0,24,0,10,0.48750000000000004,0.25919117647058826,4.654693300164763
176,76,Atezo,KIRC,KNN,IMPRES,NA,0.7058823529411765,0,24,0,10,0.4395833333333333,0.25919117647058826,1.702088648825478
177,77,Atezo,KIRC,KNN,IMPRES,NA,0.47058823529411764,3,13,11,7,0.39166666666666666,0.3037683823529412,0.8347568611947603
178,78,Atezo,KIRC,KNN,IMPRES,NA,0.6764705882352942,6,17,7,4,0.6458333333333335,0.2500000000000001,0.7180463409275163
179,79,Atezo,KIRC,KNN,IMPRES,NA,0.7058823529411765,0,24,0,10,0.60625,0.20088235294117648,0.5882058390149744
180,80,Atezo,KIRC,KNN,IMPRES,NA,0.7058823529411765,0,24,0,10,0.5999999999999999,0.21185661764705882,1.611145830903341
181,81,Atezo,KIRC,KNN,IMPRES,NA,0.7058823529411765,0,24,0,10,0.4208333333333334,0.3088235294117647,7.706165713284099
182,82,Atezo,KIRC,KNN,IMPRES,NA,0.7058823529411765,0,24,0,10,0.5708333333333334,0.21650326797385622,2.5660548171074535
183,83,Atezo,KIRC,KNN,IMPRES,NA,0.7058823529411765,0,24,0,10,0.6416666666666668,0.19526143790849673,0.577010125784098
184,84,Atezo,KIRC,KNN,IMPRES,NA,0.7058823529411765,0,24,0,10,0.7666666666666666,0.16911764705882354,1.4743709423014848
185,85,Atezo,KIRC,KNN,IMPRES,NA,0.7058823529411765,0,24,0,10,0.5541666666666667,0.2147058823529412,0.6463960925537104
186,86,Atezo,KIRC,KNN,IMPRES,NA,0.7058823529411765,0,24,0,10,0.4625,0.24058823529411763,0.7223715440031577
187,87,Atezo,KIRC,KNN,IMPRES,NA,0.7058823529411765,0,24,0,10,0.64375,0.2104779411764706,1.5897313909697628
188,88,Atezo,KIRC,KNN,IMPRES,NA,0.6176470588235294,5,16,8,5,0.5854166666666667,0.38235294117647056,12.802836158577811
189,89,Atezo,KIRC,KNN,IMPRES,NA,0.7058823529411765,0,24,0,10,0.5666666666666667,0.2104779411764706,0.615305949192455
190,90,Atezo,KIRC,KNN,IMPRES,NA,0.7058823529411765,0,24,0,10,0.51875,0.22764705882352942,2.6126049752501532
191,91,Atezo,KIRC,KNN,IMPRES,NA,0.7058823529411765,0,24,0,10,0.48124999999999996,0.21852941176470586,0.6375050671667819
192,92,Atezo,KIRC,KNN,IMPRES,NA,0.7058823529411765,0,24,0,10,0.575,0.20450367647058823,0.6123503731505952
193,93,Atezo,KIRC,KNN,IMPRES,NA,0.6176470588235294,4,17,7,6,0.48333333333333334,0.2883986928104575,5.696274103750932
194,94,Atezo,KIRC,KNN,IMPRES,NA,0.7058823529411765,0,24,0,10,0.5458333333333334,0.23897058823529413,3.6065112918997926
195,95,Atezo,KIRC,KNN,IMPRES,NA,0.7058823529411765,0,24,0,10,0.51875,0.22140522875816993,0.6307151376968606
196,96,Atezo,KIRC,KNN,IMPRES,NA,0.7058823529411765,0,24,0,10,0.4541666666666666,0.22977941176470587,0.6535080807552619
197,97,Atezo,KIRC,KNN,IMPRES,NA,0.5,6,11,13,4,0.5708333333333333,0.24529411764705883,0.683960546336277
198,98,Atezo,KIRC,KNN,IMPRES,NA,0.7058823529411765,0,24,0,10,0.4354166666666667,0.27941176470588236,7.639610077641345
199,99,Atezo,KIRC,KNN,IMPRES,NA,0.6470588235294118,5,17,7,5,0.6125,0.22242647058823528,0.6431599167539569
200,0,Atezo,KIRC,LR,Miracle,3.58659369124062,0.5,5,12,12,5,0.525,0.25092453626055705,0.695085178178206
201,1,Atezo,KIRC,LR,Miracle,3.564420003925398,0.5882352941176471,4,16,8,6,0.6791666666666667,0.23765564704012168,0.6683913552463805
202,2,Atezo,KIRC,LR,Miracle,3.5796633963174713,0.5588235294117647,6,13,11,4,0.5375000000000001,0.24899544087693695,0.6912022038703431
203,3,Atezo,KIRC,LR,Miracle,3.5786705301695863,0.5294117647058824,5,13,11,5,0.49583333333333335,0.24673002284838574,0.686538878002083
204,4,Atezo,KIRC,LR,Miracle,3.573775638744028,0.5,6,11,13,4,0.5583333333333333,0.2455690598771128,0.6842384648447658
205,5,Atezo,KIRC,LR,Miracle,3.555228884288126,0.6764705882352942,6,17,7,4,0.7083333333333334,0.2353675479635061,0.6637521980823607
206,6,Atezo,KIRC,LR,Miracle,3.5682212889584033,0.5588235294117647,6,13,11,4,0.6333333333333334,0.24257436565118623,0.6783662953864239
207,7,Atezo,KIRC,LR,Miracle,3.5763353489149563,0.5588235294117647,5,14,10,5,0.5208333333333333,0.24843720259238122,0.6900145410235524
208,8,Atezo,KIRC,LR,Miracle,3.5667102542733873,0.5588235294117647,6,13,11,4,0.6,0.24294408602448736,0.678945610178217
209,9,Atezo,KIRC,LR,Miracle,3.55369563931025,0.6764705882352942,8,15,9,2,0.7291666666666667,0.23807169260070454,0.6691920917144306
210,10,Atezo,KIRC,LR,Miracle,3.553512502779901,0.6176470588235294,5,16,8,5,0.7125000000000001,0.23172700345806405,0.6561477936399165
211,11,Atezo,KIRC,LR,Miracle,3.5504087371230817,0.6176470588235294,5,16,8,5,0.7250000000000001,0.22822011595992286,0.649105308062747
212,12,Atezo,KIRC,LR,Miracle,3.5549097111210055,0.6764705882352942,8,15,9,2,0.7291666666666667,0.23812208976955046,0.6692479104742538
213,13,Atezo,KIRC,LR,Miracle,3.5516214967204274,0.7352941176470589,8,17,7,2,0.7666666666666667,0.23570610695619448,0.664505028835605
214,14,Atezo,KIRC,LR,Miracle,3.5662881236951605,0.5882352941176471,6,14,10,4,0.6333333333333333,0.24538726016994317,0.6838852860314536
215,15,Atezo,KIRC,LR,Miracle,3.5726085223519695,0.5294117647058824,5,13,11,5,0.5791666666666666,0.24188808065316295,0.676559518100812
216,16,Atezo,KIRC,LR,Miracle,3.555533626009316,0.6470588235294118,8,14,10,2,0.7333333333333333,0.23894040943025338,0.6709752923394143
217,17,Atezo,KIRC,LR,Miracle,3.5702925298933925,0.5882352941176471,5,15,9,5,0.6041666666666666,0.23747787640995993,0.6678108002696698
218,18,Atezo,KIRC,LR,Miracle,3.5626199205013416,0.5882352941176471,4,16,8,6,0.6458333333333333,0.24213658366918023,0.6773431786485162
219,19,Atezo,KIRC,LR,Miracle,3.557947680092427,0.7352941176470589,7,18,6,3,0.7083333333333333,0.23591691138004833,0.6649605481137989
220,20,Atezo,KIRC,LR,Miracle,3.5505246983849155,0.6764705882352942,6,17,7,4,0.75,0.22993980213800325,0.6526353119947068
221,21,Atezo,KIRC,LR,Miracle,3.562549964132759,0.5882352941176471,4,16,8,6,0.6625000000000001,0.23721014227067733,0.6673840790436436
222,22,Atezo,KIRC,LR,Miracle,3.5702317352149437,0.6764705882352942,7,16,8,3,0.6708333333333334,0.24325778457350875,0.6798633280006736
223,23,Atezo,KIRC,LR,Miracle,3.5498935709568613,0.7352941176470589,7,18,6,3,0.7375,0.2341085663341702,0.6611992870993654
224,24,Atezo,KIRC,LR,Miracle,3.546796969818005,0.7058823529411765,8,16,8,2,0.7875000000000001,0.23573268708562345,0.664521299531982
225,25,Atezo,KIRC,LR,Miracle,3.5712578663218553,0.6470588235294118,8,14,10,2,0.6458333333333334,0.24299884551329268,0.6791298967546459
226,26,Atezo,KIRC,LR,Miracle,3.5598840430369645,0.6764705882352942,8,15,9,2,0.6958333333333333,0.23973984408885485,0.6725501849290776
227,27,Atezo,KIRC,LR,Miracle,3.5617515104073263,0.5882352941176471,5,15,9,5,0.6666666666666666,0.23781196331807794,0.6686474504494984
228,28,Atezo,KIRC,LR,Miracle,3.5555392346821693,0.6764705882352942,6,17,7,4,0.6916666666666667,0.23573827719192383,0.6645181340302506
229,29,Atezo,KIRC,LR,Miracle,3.57884766539525,0.5294117647058824,8,10,14,2,0.55,0.2516945078664175,0.69663549760231
230,30,Atezo,KIRC,LR,Miracle,3.5497290651011584,0.6176470588235294,8,13,11,2,0.7541666666666668,0.23950605226434013,0.671911274029132
231,31,Atezo,KIRC,LR,Miracle,3.549942172148312,0.6470588235294118,7,15,9,3,0.7166666666666667,0.23416031989016434,0.6611528253087051
232,32,Atezo,KIRC,LR,Miracle,3.5680757819384383,0.6176470588235294,6,15,9,4,0.625,0.2399449728664628,0.6729374763639879
233,33,Atezo,KIRC,LR,Miracle,3.5550236013910834,0.5882352941176471,7,13,11,3,0.6625,0.24088961964656508,0.6746759410022514
234,34,Atezo,KIRC,LR,Miracle,3.5512120225784507,0.6764705882352942,7,16,8,3,0.7625,0.23522177048837417,0.6635028267001561
235,35,Atezo,KIRC,LR,Miracle,3.5401839517431823,0.7941176470588235,9,18,6,1,0.8541666666666666,0.2309436188319436,0.6548606240085646
236,36,Atezo,KIRC,LR,Miracle,3.5661206785714628,0.6176470588235294,7,14,10,3,0.6375,0.2456491292474442,0.6844583787541048
237,37,Atezo,KIRC,LR,Miracle,3.5535523974483336,0.6764705882352942,6,17,7,4,0.7708333333333333,0.23830109108170217,0.669711870556355
238,38,Atezo,KIRC,LR,Miracle,3.564599445265026,0.6176470588235294,7,14,10,3,0.6416666666666666,0.23891392413057116,0.6707527817298845
239,39,Atezo,KIRC,LR,Miracle,3.5600433558000137,0.6176470588235294,8,13,11,2,0.6625,0.24186050046670296,0.6767877712691813
240,40,Atezo,KIRC,LR,Miracle,3.5708473514221666,0.6176470588235294,7,14,10,3,0.6124999999999999,0.24631568982147994,0.685831559673953
241,41,Atezo,KIRC,LR,Miracle,3.5412043209367168,0.7352941176470589,7,18,6,3,0.825,0.22938764842620532,0.651752800084304
242,42,Atezo,KIRC,LR,Miracle,3.578719621656212,0.5294117647058824,6,12,12,4,0.5541666666666667,0.25382078764577587,0.7009886482397539
243,43,Atezo,KIRC,LR,Miracle,3.5558419875606333,0.6176470588235294,5,16,8,5,0.6958333333333333,0.2368440671043499,0.666501955993298
244,44,Atezo,KIRC,LR,Miracle,3.5587025938238557,0.6764705882352942,7,16,8,3,0.6833333333333333,0.23380308366476915,0.6604685974048519
245,45,Atezo,KIRC,LR,Miracle,3.568109840001422,0.5882352941176471,4,16,8,6,0.6333333333333333,0.23887227782969073,0.6707607079940998
246,46,Atezo,KIRC,LR,Miracle,3.5462389798335696,0.6764705882352942,7,16,8,3,0.7916666666666666,0.23477416987606087,0.662583982713637
247,47,Atezo,KIRC,LR,Miracle,3.55780697294413,0.6470588235294118,7,15,9,3,0.7208333333333332,0.23888753858563436,0.6709221785151693
248,48,Atezo,KIRC,LR,Miracle,3.5718911513298344,0.5294117647058824,5,13,11,5,0.6,0.2435370502158653,0.6802382126596658
249,49,Atezo,KIRC,LR,Miracle,3.559864681437555,0.6470588235294118,8,14,10,2,0.7375,0.24400982687816958,0.6812490852972425
250,50,Atezo,KIRC,LR,Miracle,3.554793811222628,0.6764705882352942,6,17,7,4,0.7416666666666667,0.2353722123352,0.6637703219985465
251,51,Atezo,KIRC,LR,Miracle,3.5553147440756585,0.6176470588235294,7,14,10,3,0.7166666666666666,0.23684855450584077,0.6666568145327261
252,52,Atezo,KIRC,LR,Miracle,3.539280595130755,0.7647058823529411,8,18,6,2,0.8416666666666667,0.22968564781435685,0.6523207829983215
253,53,Atezo,KIRC,LR,Miracle,3.5480224886775105,0.6764705882352942,6,17,7,4,0.7416666666666667,0.23556848672552538,0.6641518204844924
254,54,Atezo,KIRC,LR,Miracle,3.5629196889194477,0.6470588235294118,7,15,9,3,0.6625000000000001,0.24134720117837172,0.6758390577179874
255,55,Atezo,KIRC,LR,Miracle,3.548349296766868,0.6176470588235294,8,13,11,2,0.7541666666666667,0.23252801275630416,0.6579567846466887
256,56,Atezo,KIRC,LR,Miracle,3.5502541007010997,0.7058823529411765,6,18,6,4,0.7500000000000001,0.2335332385218465,0.66002176056494
257,57,Atezo,KIRC,LR,Miracle,3.5527594248895733,0.6764705882352942,8,15,9,2,0.7458333333333333,0.23865194021906586,0.6703528386972438
258,58,Atezo,KIRC,LR,Miracle,3.555505042248413,0.7058823529411765,7,17,7,3,0.7541666666666667,0.23681962517974345,0.6667999093282595
259,59,Atezo,KIRC,LR,Miracle,3.5718409800158195,0.5882352941176471,4,16,8,6,0.575,0.2457151690469713,0.6845953381294677
260,60,Atezo,KIRC,LR,Miracle,3.5586548485025,0.6470588235294118,7,15,9,3,0.6749999999999999,0.24055029561281138,0.6741946252394964
261,61,Atezo,KIRC,LR,Miracle,3.567249450083376,0.5294117647058824,4,14,10,6,0.6083333333333333,0.24024436739988744,0.6734729576153935
262,62,Atezo,KIRC,LR,Miracle,3.554885032752874,0.7352941176470589,8,17,7,2,0.7458333333333333,0.23997649242313668,0.6731082635402389
263,63,Atezo,KIRC,LR,Miracle,3.5557660963088837,0.5588235294117647,6,13,11,4,0.6875,0.2368801157868606,0.6666635104254738
264,64,Atezo,KIRC,LR,Miracle,3.5653461723292805,0.6470588235294118,5,17,7,5,0.5833333333333334,0.2368893289739221,0.666774980003615
265,65,Atezo,KIRC,LR,Miracle,3.5671731571004797,0.5294117647058824,5,13,11,5,0.625,0.242449466532023,0.6779831713663075
266,66,Atezo,KIRC,LR,Miracle,3.5456725944791385,0.7941176470588235,10,17,7,0,0.7791666666666666,0.23629255247460607,0.6656285389833814
267,67,Atezo,KIRC,LR,Miracle,3.5471347532755324,0.5882352941176471,7,13,11,3,0.7583333333333333,0.2353503434008059,0.6636714570230625
268,68,Atezo,KIRC,LR,Miracle,3.5558737011648325,0.7058823529411765,6,18,6,4,0.7250000000000001,0.23439410406033623,0.6618049834259357
269,69,Atezo,KIRC,LR,Miracle,3.56158514690958,0.7058823529411765,7,17,7,3,0.6833333333333333,0.23939655439987573,0.6718925815417256
270,70,Atezo,KIRC,LR,Miracle,3.5376391365860647,0.7941176470588235,9,18,6,1,0.8416666666666668,0.2298475823778329,0.6526291415967883
271,71,Atezo,KIRC,LR,Miracle,3.572699324868747,0.5588235294117647,5,14,10,5,0.6041666666666667,0.24506692572300087,0.6833741332967138
272,72,Atezo,KIRC,LR,Miracle,3.568467262396897,0.5588235294117647,6,13,11,4,0.5958333333333333,0.24618785440434313,0.6854768329892521
273,73,Atezo,KIRC,LR,Miracle,3.5550501811525845,0.7647058823529411,7,19,5,3,0.7791666666666667,0.23544173942849683,0.6640175931447541
274,74,Atezo,KIRC,LR,Miracle,3.546426981913047,0.7352941176470589,7,18,6,3,0.7875000000000001,0.22791649627854535,0.6486913251605696
275,75,Atezo,KIRC,LR,Miracle,3.5417307079001903,0.7352941176470589,5,20,4,5,0.8541666666666666,0.22709053978817983,0.6470188148649084
276,76,Atezo,KIRC,LR,Miracle,3.5423996032579255,0.7352941176470589,8,17,7,2,0.8208333333333333,0.23052992099452418,0.653996988615582
277,77,Atezo,KIRC,LR,Miracle,3.5542770466196334,0.6764705882352942,6,17,7,4,0.7458333333333333,0.2377737774710747,0.6686424592079657
278,78,Atezo,KIRC,LR,Miracle,3.5530861840417347,0.7352941176470589,6,19,5,4,0.7833333333333334,0.23169503042151773,0.6564068739655426
279,79,Atezo,KIRC,LR,Miracle,3.5637854731600247,0.6176470588235294,6,15,9,4,0.6583333333333333,0.23905319658469862,0.671159352272786
280,80,Atezo,KIRC,LR,Miracle,3.5581554803798445,0.6470588235294118,7,15,9,3,0.7041666666666666,0.2400026575722324,0.673021902257903
281,81,Atezo,KIRC,LR,Miracle,3.5484256165650256,0.7647058823529411,9,17,7,1,0.775,0.23299475423009994,0.6588922656990045
282,82,Atezo,KIRC,LR,Miracle,3.565932037347598,0.5882352941176471,8,12,12,2,0.5958333333333333,0.24406459505037562,0.6810190582357308
283,83,Atezo,KIRC,LR,Miracle,3.5571308338866765,0.6470588235294118,7,15,9,3,0.6875,0.23757332190302438,0.6681715174669173
284,84,Atezo,KIRC,LR,Miracle,3.5500027006101433,0.7647058823529411,7,19,5,3,0.7958333333333333,0.23139590701592375,0.6557818632147824
285,85,Atezo,KIRC,LR,Miracle,3.5551702769593754,0.7058823529411765,10,14,10,0,0.7374999999999999,0.24059728784502454,0.6742804853876443
286,86,Atezo,KIRC,LR,Miracle,3.5479674894809596,0.6764705882352942,8,15,9,2,0.7583333333333333,0.23664749608882948,0.6662118602813663
287,87,Atezo,KIRC,LR,Miracle,3.551669240249174,0.6470588235294118,5,17,7,5,0.7125,0.23243811585491206,0.6578348985205258
288,88,Atezo,KIRC,LR,Miracle,3.5631192017314697,0.5588235294117647,5,14,10,5,0.6375,0.23947353419420547,0.6719483259246829
289,89,Atezo,KIRC,LR,Miracle,3.5489759290470753,0.6470588235294118,6,16,8,4,0.7083333333333334,0.23016722482048346,0.6530912036818894
290,90,Atezo,KIRC,LR,Miracle,3.5505545187833536,0.7058823529411765,8,16,8,2,0.75,0.23725849892460993,0.6674560160957724
291,91,Atezo,KIRC,LR,Miracle,3.561171647091877,0.6764705882352942,7,16,8,3,0.6708333333333334,0.23872053971816812,0.6704656682728527
292,92,Atezo,KIRC,LR,Miracle,3.570019750455165,0.5882352941176471,5,15,9,5,0.5583333333333333,0.24081994179495242,0.6747190405700718
293,93,Atezo,KIRC,LR,Miracle,3.548291887141137,0.7647058823529411,5,21,3,5,0.8291666666666666,0.22477262106932214,0.6423501150188188
294,94,Atezo,KIRC,LR,Miracle,3.550278435836168,0.6764705882352942,7,16,8,3,0.7458333333333333,0.23383005089726522,0.6606358979641443
295,95,Atezo,KIRC,LR,Miracle,3.568589576375043,0.6176470588235294,3,18,6,7,0.6416666666666667,0.23436241705475433,0.6616223611312178
296,96,Atezo,KIRC,LR,Miracle,3.556335480837995,0.7352941176470589,4,21,3,6,0.7041666666666667,0.23251272744218526,0.6580365392519159
297,97,Atezo,KIRC,LR,Miracle,3.552480785769037,0.6470588235294118,9,13,11,1,0.7125,0.2365991069380882,0.6661025741292504
298,98,Atezo,KIRC,LR,Miracle,3.552092740697983,0.6470588235294118,7,15,9,3,0.7125,0.23413961851966172,0.6611529896288965
299,99,Atezo,KIRC,LR,Miracle,3.5502484146498876,0.7058823529411765,5,19,5,5,0.6958333333333333,0.2332244999550102,0.6594001104334357
300,0,Atezo,KIRC,KNN,Miracle,NA,0.6470588235294118,1,21,3,9,0.6416666666666666,0.21294117647058824,1.5839024580719017
301,1,Atezo,KIRC,KNN,Miracle,NA,0.5882352941176471,1,19,5,9,0.4291666666666667,0.32169117647058826,5.770963767635398
302,2,Atezo,KIRC,KNN,Miracle,NA,0.6764705882352942,0,23,1,10,0.6916666666666667,0.19205882352941178,0.557575327986613
303,3,Atezo,KIRC,KNN,Miracle,NA,0.7058823529411765,0,24,0,10,0.7166666666666668,0.1826470588235294,2.4991429258178193
304,4,Atezo,KIRC,KNN,Miracle,NA,0.7058823529411765,0,24,0,10,0.75,0.1761764705882353,0.5178384094475302
305,5,Atezo,KIRC,KNN,Miracle,NA,0.6764705882352942,2,21,3,8,0.5625,0.3014705882352941,7.685779031502924
306,6,Atezo,KIRC,KNN,Miracle,NA,0.6764705882352942,0,23,1,10,0.6395833333333334,0.21176470588235294,1.60392930050989
307,7,Atezo,KIRC,KNN,Miracle,NA,0.5882352941176471,1,19,5,9,0.5354166666666667,0.25794117647058823,1.6809753756802526
308,8,Atezo,KIRC,KNN,Miracle,NA,0.6176470588235294,1,20,4,9,0.66875,0.20029411764705884,0.5763837422853165
309,9,Atezo,KIRC,KNN,Miracle,NA,0.7058823529411765,1,23,1,9,0.6749999999999999,0.19000000000000003,0.542061389852527
310,10,Atezo,KIRC,KNN,Miracle,NA,0.5294117647058824,0,18,6,10,0.48333333333333334,0.25529411764705884,0.7234022526965788
311,11,Atezo,KIRC,KNN,Miracle,NA,0.6764705882352942,2,21,3,8,0.6583333333333333,0.2042483660130719,0.5718186523867516
312,12,Atezo,KIRC,KNN,Miracle,NA,0.6470588235294118,1,21,3,9,0.48749999999999993,0.3382352941176471,9.744833891401584
313,13,Atezo,KIRC,KNN,Miracle,NA,0.5882352941176471,1,19,5,9,0.45625000000000004,0.27088235294117646,2.7141398243507817
314,14,Atezo,KIRC,KNN,Miracle,NA,0.6176470588235294,0,21,3,10,0.6291666666666667,0.21411764705882352,1.5800926275605738
315,15,Atezo,KIRC,KNN,Miracle,NA,0.7058823529411765,0,24,0,10,0.7479166666666667,0.17500000000000002,0.5202397032428393
316,16,Atezo,KIRC,KNN,Miracle,NA,0.6764705882352942,2,21,3,8,0.64375,0.21185661764705882,1.577425168050025
317,17,Atezo,KIRC,KNN,Miracle,NA,0.6470588235294118,1,21,3,9,0.5458333333333334,0.24558823529411763,4.601096975550353
318,18,Atezo,KIRC,KNN,Miracle,NA,0.7058823529411765,0,24,0,10,0.73125,0.18058823529411766,0.5310887875482008
319,19,Atezo,KIRC,KNN,Miracle,NA,0.6176470588235294,0,21,3,10,0.58125,0.2158823529411765,0.6146769691250228
320,20,Atezo,KIRC,KNN,Miracle,NA,0.6176470588235294,0,21,3,10,0.7583333333333333,0.19499999999999998,0.552408566726178
321,21,Atezo,KIRC,KNN,Miracle,NA,0.6764705882352942,0,23,1,10,0.6375000000000001,0.2011764705882353,0.5847194982980403
322,22,Atezo,KIRC,KNN,Miracle,NA,0.6470588235294118,0,22,2,10,0.6458333333333334,0.20205882352941176,0.5921178225873319
323,23,Atezo,KIRC,KNN,Miracle,NA,0.6764705882352942,0,23,1,10,0.5666666666666667,0.22196691176470587,1.6195301888144225
324,24,Atezo,KIRC,KNN,Miracle,NA,0.6470588235294118,0,22,2,10,0.61875,0.21617647058823528,0.6181079844860988
325,25,Atezo,KIRC,KNN,Miracle,NA,0.6470588235294118,2,20,4,8,0.5270833333333333,0.2702205882352941,3.684593812093422
326,26,Atezo,KIRC,KNN,Miracle,NA,0.7058823529411765,3,21,3,7,0.6020833333333333,0.2285294117647059,2.60323535256521
327,27,Atezo,KIRC,KNN,Miracle,NA,0.6470588235294118,2,20,4,8,0.6416666666666666,0.2073529411764706,0.5943948295357473
328,28,Atezo,KIRC,KNN,Miracle,NA,0.6764705882352942,0,23,1,10,0.6749999999999999,0.19558823529411765,0.5614695303173401
329,29,Atezo,KIRC,KNN,Miracle,NA,0.7058823529411765,2,22,2,8,0.44999999999999996,0.3382352941176471,8.76627316590519
330,30,Atezo,KIRC,KNN,Miracle,NA,0.6470588235294118,0,22,2,10,0.74375,0.1826470588235294,0.5291574041800429
331,31,Atezo,KIRC,KNN,Miracle,NA,0.7058823529411765,1,23,1,9,0.7229166666666668,0.18205882352941177,0.5378929145634475
332,32,Atezo,KIRC,KNN,Miracle,NA,0.6470588235294118,0,22,2,10,0.6354166666666667,0.2117647058823529,0.6183435369823919
333,33,Atezo,KIRC,KNN,Miracle,NA,0.7352941176470589,1,24,0,9,0.6604166666666667,0.19715073529411764,0.5596448417746231
334,34,Atezo,KIRC,KNN,Miracle,NA,0.6764705882352942,0,23,1,10,0.80625,0.1673529411764706,0.49248788874236704
335,35,Atezo,KIRC,KNN,Miracle,NA,0.6470588235294118,0,22,2,10,0.6791666666666667,0.2026470588235294,1.5480215828116346
336,36,Atezo,KIRC,KNN,Miracle,NA,0.6764705882352942,1,22,2,9,0.5645833333333333,0.22647058823529412,1.631473225191998
337,37,Atezo,KIRC,KNN,Miracle,NA,0.6470588235294118,2,20,4,8,0.6166666666666667,0.22222222222222224,0.6106938241509375
338,38,Atezo,KIRC,KNN,Miracle,NA,0.6176470588235294,0,21,3,10,0.6541666666666667,0.2011764705882353,0.5798602015659516
339,39,Atezo,KIRC,KNN,Miracle,NA,0.7058823529411765,2,22,2,8,0.7208333333333333,0.18294117647058825,0.5363201759730413
340,40,Atezo,KIRC,KNN,Miracle,NA,0.6470588235294118,1,21,3,9,0.6749999999999999,0.19558823529411762,0.5767348947576392
341,41,Atezo,KIRC,KNN,Miracle,NA,0.6764705882352942,0,23,1,10,0.6854166666666667,0.195,0.5548153894135524
342,42,Atezo,KIRC,KNN,Miracle,NA,0.6176470588235294,3,18,6,7,0.5249999999999999,0.27205882352941174,0.7331516485998802
343,43,Atezo,KIRC,KNN,Miracle,NA,0.5588235294117647,1,18,6,9,0.5333333333333333,0.26558823529411757,1.7244889331606692
344,44,Atezo,KIRC,KNN,Miracle,NA,0.7058823529411765,0,24,0,10,0.7541666666666668,0.17529411764705882,0.5220400763066037
345,45,Atezo,KIRC,KNN,Miracle,NA,0.7058823529411765,3,21,3,7,0.625,0.22147058823529409,1.6131090220558804
346,46,Atezo,KIRC,KNN,Miracle,NA,0.7058823529411765,1,23,1,9,0.4854166666666667,0.3014705882352941,7.685779031502922
347,47,Atezo,KIRC,KNN,Miracle,NA,0.6470588235294118,1,21,3,9,0.575,0.22058823529411764,0.6272999583816545
348,48,Atezo,KIRC,KNN,Miracle,NA,0.6470588235294118,1,21,3,9,0.58125,0.23202614379084968,2.61201965406715
349,49,Atezo,KIRC,KNN,Miracle,NA,0.7058823529411765,0,24,0,10,0.6354166666666666,0.20352941176470588,1.5626737741708239
350,50,Atezo,KIRC,KNN,Miracle,NA,0.6470588235294118,1,21,3,9,0.65,0.20558823529411765,0.591283738490364
351,51,Atezo,KIRC,KNN,Miracle,NA,0.6470588235294118,0,22,2,10,0.6375,0.2061764705882353,0.6080874553856404
352,52,Atezo,KIRC,KNN,Miracle,NA,0.6176470588235294,0,21,3,10,0.6104166666666667,0.21441176470588236,0.6103719546394847
353,53,Atezo,KIRC,KNN,Miracle,NA,0.5882352941176471,1,19,5,9,0.60625,0.2335294117647059,0.6358989295686006
354,54,Atezo,KIRC,KNN,Miracle,NA,0.6176470588235294,1,20,4,9,0.71875,0.20220588235294118,0.5666588220215977
355,55,Atezo,KIRC,KNN,Miracle,NA,0.6176470588235294,2,19,5,8,0.45208333333333334,0.3161764705882353,5.759038323279276
356,56,Atezo,KIRC,KNN,Miracle,NA,0.7058823529411765,0,24,0,10,0.6395833333333333,0.20823529411764707,0.5991507786413715
357,57,Atezo,KIRC,KNN,Miracle,NA,0.6764705882352942,2,21,3,8,0.68125,0.19558823529411765,0.5619848846640506
358,58,Atezo,KIRC,KNN,Miracle,NA,0.6764705882352942,1,22,2,9,0.6333333333333334,0.21382352941176472,0.5999915861958395
359,59,Atezo,KIRC,KNN,Miracle,NA,0.6176470588235294,0,21,3,10,0.6,0.2182904411764706,1.586017415779471
360,60,Atezo,KIRC,KNN,Miracle,NA,0.6470588235294118,1,21,3,9,0.61875,0.21088235294117647,0.6139462326545195
361,61,Atezo,KIRC,KNN,Miracle,NA,0.6470588235294118,2,20,4,8,0.5625,0.2364705882352941,1.6399731830791096
362,62,Atezo,KIRC,KNN,Miracle,NA,0.6176470588235294,1,20,4,9,0.5708333333333333,0.22470588235294123,0.6565077169310684
363,63,Atezo,KIRC,KNN,Miracle,NA,0.6176470588235294,0,21,3,10,0.5020833333333334,0.25470588235294117,1.6941660940984349
364,64,Atezo,KIRC,KNN,Miracle,NA,0.7352941176470589,1,24,0,9,0.6395833333333334,0.2020588235294118,1.5749448421072039
365,65,Atezo,KIRC,KNN,Miracle,NA,0.7058823529411765,0,24,0,10,0.75625,0.1723529411764706,0.5204740611736975
366,66,Atezo,KIRC,KNN,Miracle,NA,0.7941176470588235,4,23,1,6,0.7562500000000001,0.16666666666666669,1.477293888183498
367,67,Atezo,KIRC,KNN,Miracle,NA,0.6764705882352942,0,23,1,10,0.7145833333333333,0.1861764705882353,0.5353151665441855
368,68,Atezo,KIRC,KNN,Miracle,NA,0.6764705882352942,0,23,1,10,0.7729166666666667,0.1744117647058824,0.5173562466708139
369,69,Atezo,KIRC,KNN,Miracle,NA,0.6470588235294118,1,21,3,9,0.6958333333333333,0.1885294117647059,0.5483766306335572
370,70,Atezo,KIRC,KNN,Miracle,NA,0.6470588235294118,3,19,5,7,0.5979166666666667,0.2282352941176471,1.618712502173473
371,71,Atezo,KIRC,KNN,Miracle,NA,0.6470588235294118,0,22,2,10,0.6291666666666668,0.2111764705882353,0.6065479083652281
372,72,Atezo,KIRC,KNN,Miracle,NA,0.7058823529411765,0,24,0,10,0.5958333333333333,0.2116013071895425,0.5994659246953243
373,73,Atezo,KIRC,KNN,Miracle,NA,0.7352941176470589,2,23,1,8,0.6270833333333333,0.20529411764705885,2.5604339814657378
374,74,Atezo,KIRC,KNN,Miracle,NA,0.6176470588235294,2,19,5,8,0.6437499999999999,0.21323529411764702,0.6045131773706054
375,75,Atezo,KIRC,KNN,Miracle,NA,0.6764705882352942,1,22,2,9,0.7229166666666667,0.19029411764705884,0.5545411164552
376,76,Atezo,KIRC,KNN,Miracle,NA,0.6470588235294118,1,21,3,9,0.6458333333333333,0.20680147058823528,1.5624008849980842
377,77,Atezo,KIRC,KNN,Miracle,NA,0.5588235294117647,0,19,5,10,0.47291666666666665,0.2558823529411765,1.6967039270902027
378,78,Atezo,KIRC,KNN,Miracle,NA,0.6764705882352942,2,21,3,8,0.5729166666666667,0.23805147058823528,3.6119248708784317
379,79,Atezo,KIRC,KNN,Miracle,NA,0.6764705882352942,0,23,1,10,0.6875,0.19088235294117648,0.555604029590961
380,80,Atezo,KIRC,KNN,Miracle,NA,0.7352941176470589,2,23,1,8,0.7541666666666667,0.17911764705882352,1.5129771807792054
381,81,Atezo,KIRC,KNN,Miracle,NA,0.5294117647058824,0,18,6,10,0.5083333333333333,0.2826470588235294,1.7469312851568952
382,82,Atezo,KIRC,KNN,Miracle,NA,0.6764705882352942,0,23,1,10,0.7770833333333332,0.18029411764705885,0.5263328384425767
383,83,Atezo,KIRC,KNN,Miracle,NA,0.6470588235294118,1,21,3,9,0.5354166666666667,0.25,1.6628481088260405
384,84,Atezo,KIRC,KNN,Miracle,NA,0.6176470588235294,0,21,3,10,0.5874999999999999,0.22264705882352942,1.6059517791549474
385,85,Atezo,KIRC,KNN,Miracle,NA,0.5882352941176471,1,19,5,9,0.4895833333333333,0.375,11.803888751300244
386,86,Atezo,KIRC,KNN,Miracle,NA,0.6764705882352942,1,22,2,9,0.6208333333333333,0.21029411764705883,1.5686493459811681
387,87,Atezo,KIRC,KNN,Miracle,NA,0.6764705882352942,1,22,2,9,0.5791666666666667,0.22334558823529413,1.6159159957718943
388,88,Atezo,KIRC,KNN,Miracle,NA,0.7352941176470589,3,22,2,7,0.5875,0.23120915032679737,2.6190858016911838
389,89,Atezo,KIRC,KNN,Miracle,NA,0.6176470588235294,1,20,4,9,0.6895833333333333,0.2038235294117647,0.5733038793965632
390,90,Atezo,KIRC,KNN,Miracle,NA,0.5294117647058824,0,18,6,10,0.5166666666666667,0.28170955882352944,0.7641058568604164
391,91,Atezo,KIRC,KNN,Miracle,NA,0.6764705882352942,3,20,4,7,0.5916666666666667,0.22147058823529409,0.6196617472694399
392,92,Atezo,KIRC,KNN,Miracle,NA,0.7352941176470589,2,23,1,8,0.7333333333333334,0.17823529411764708,0.5139042920893089
393,93,Atezo,KIRC,KNN,Miracle,NA,0.6176470588235294,0,21,3,10,0.7,0.20264705882352943,0.5740081477545727
394,94,Atezo,KIRC,KNN,Miracle,NA,0.6470588235294118,1,21,3,9,0.6270833333333333,0.21147058823529413,0.5952498528531444
395,95,Atezo,KIRC,KNN,Miracle,NA,0.6764705882352942,0,23,1,10,0.675,0.19823529411764707,0.582925848691776
396,96,Atezo,KIRC,KNN,Miracle,NA,0.7058823529411765,0,24,0,10,0.7479166666666668,0.1782352941176471,1.4978206928574365
397,97,Atezo,KIRC,KNN,Miracle,NA,0.7058823529411765,0,24,0,10,0.7708333333333334,0.17693014705882354,0.5153950189316381
398,98,Atezo,KIRC,KNN,Miracle,NA,0.7352941176470589,1,24,0,9,0.8083333333333333,0.1611764705882353,0.4759954092919196
399,99,Atezo,KIRC,KNN,Miracle,NA,0.7058823529411765,0,24,0,10,0.7416666666666667,0.17852941176470585,0.5249889288909634
400,0,Atezo,KIRC,LR,TARGET,3.515407033553406,0.6176470588235294,6,15,9,4,0.6375,0.24454748339509066,0.682232499913741
401,1,Atezo,KIRC,LR,TARGET,3.5170847566241665,0.5882352941176471,5,15,9,5,0.6208333333333333,0.24391078548349276,0.6809327801237521
402,2,Atezo,KIRC,LR,TARGET,3.5231266594269335,0.5294117647058824,7,11,13,3,0.5458333333333333,0.25168597673084664,0.6965309833442824
403,3,Atezo,KIRC,LR,TARGET,3.531910468645817,0.4117647058823529,2,12,12,8,0.3958333333333333,0.25119152146570006,0.6954617222766106
404,4,Atezo,KIRC,LR,TARGET,3.5292131873053485,0.4411764705882353,5,10,14,5,0.4833333333333333,0.2535903956812714,0.7005220345837917
405,5,Atezo,KIRC,LR,TARGET,3.526445756303872,0.4411764705882353,5,10,14,5,0.5125,0.25322422409534373,0.6997715460894892
406,6,Atezo,KIRC,LR,TARGET,3.530323416370429,0.5294117647058824,5,13,11,5,0.5,0.25079295525682543,0.694942920302207
407,7,Atezo,KIRC,LR,TARGET,3.5325772239635755,0.5,4,13,11,6,0.48750000000000004,0.25327840600067075,0.6999910853448763
408,8,Atezo,KIRC,LR,TARGET,3.517627684845009,0.5588235294117647,6,13,11,4,0.5833333333333334,0.24572214830817785,0.6845728106554622
409,9,Atezo,KIRC,LR,TARGET,3.512045269219756,0.6764705882352942,5,18,6,5,0.7291666666666666,0.24221577108618397,0.6775626297371159
410,10,Atezo,KIRC,LR,TARGET,3.514983820414688,0.5294117647058824,7,11,13,3,0.6416666666666666,0.24770081394369778,0.6885428641423724
411,11,Atezo,KIRC,LR,TARGET,3.5173154056991405,0.5882352941176471,6,14,10,4,0.6208333333333333,0.24755771393717046,0.6882649913724053
412,12,Atezo,KIRC,LR,TARGET,3.517857951334471,0.47058823529411764,5,11,13,5,0.5916666666666667,0.2465471697088546,0.6862288839547348
413,13,Atezo,KIRC,LR,TARGET,3.5173594024375516,0.5,5,12,12,5,0.5875,0.24807917231095752,0.6892957830338454
414,14,Atezo,KIRC,LR,TARGET,3.5120997033582535,0.4411764705882353,7,8,16,3,0.7125,0.24591862588145622,0.684968822448583
415,15,Atezo,KIRC,LR,TARGET,3.5137644880925776,0.6176470588235294,7,14,10,3,0.6166666666666667,0.24459575406526787,0.6823081226256391
416,16,Atezo,KIRC,LR,TARGET,3.507295625859176,0.6470588235294118,7,15,9,3,0.7708333333333334,0.24395312657558244,0.6810457319796221
417,17,Atezo,KIRC,LR,TARGET,3.5174709111550815,0.4117647058823529,7,7,17,3,0.6166666666666667,0.2481168098415809,0.6893642343596391
418,18,Atezo,KIRC,LR,TARGET,3.511520997327061,0.5882352941176471,8,12,12,2,0.6958333333333333,0.24614899429543607,0.685438400272532
419,19,Atezo,KIRC,LR,TARGET,3.5212153541116766,0.5882352941176471,3,17,7,7,0.5458333333333334,0.24480068194894097,0.6827370920980944
420,20,Atezo,KIRC,LR,TARGET,3.524294112962838,0.6176470588235294,3,18,6,7,0.55,0.2443326817496842,0.6817605095575665
421,21,Atezo,KIRC,LR,TARGET,3.524210170777482,0.4411764705882353,3,12,12,7,0.48333333333333334,0.24828680736313735,0.6896972397700959
422,22,Atezo,KIRC,LR,TARGET,3.512725852026618,0.6470588235294118,6,16,8,4,0.6916666666666667,0.2444000670539157,0.6819357001600623
423,23,Atezo,KIRC,LR,TARGET,3.522125265774184,0.5,4,13,11,6,0.5,0.24686496115602588,0.6868289432230884
424,24,Atezo,KIRC,LR,TARGET,3.5300819292511143,0.47058823529411764,2,14,10,8,0.4125,0.25239085380844306,0.6979527745914487
425,25,Atezo,KIRC,LR,TARGET,3.5126139566978543,0.6176470588235294,7,14,10,3,0.7333333333333334,0.2448773747810265,0.6828922417953005
426,26,Atezo,KIRC,LR,TARGET,3.5228760064995623,0.47058823529411764,5,11,13,5,0.5375000000000001,0.24856809919190023,0.6902694101780903
427,27,Atezo,KIRC,LR,TARGET,3.517987668842908,0.5,3,14,10,7,0.5666666666666667,0.24631990899797068,0.6857694391247644
428,28,Atezo,KIRC,LR,TARGET,3.521623944862804,0.47058823529411764,5,11,13,5,0.5291666666666667,0.24890270152014426,0.6909445301340582
429,29,Atezo,KIRC,LR,TARGET,3.5287179316764146,0.5,4,13,11,6,0.46249999999999997,0.25206875220989067,0.6973103029604361
430,30,Atezo,KIRC,LR,TARGET,3.5142677744705515,0.5588235294117647,6,13,11,4,0.6166666666666667,0.24586016384449452,0.6848410904048904
431,31,Atezo,KIRC,LR,TARGET,3.5243023026957796,0.5588235294117647,6,13,11,4,0.5958333333333333,0.25039247527642494,0.6940741020955811
432,32,Atezo,KIRC,LR,TARGET,3.5247665156220807,0.5,6,11,13,4,0.5666666666666667,0.2511480871615741,0.6955890919495402
433,33,Atezo,KIRC,LR,TARGET,3.5238985037739843,0.5,5,12,12,5,0.575,0.2484437961671301,0.6901603605011986
434,34,Atezo,KIRC,LR,TARGET,3.512591954777383,0.5882352941176471,6,14,10,4,0.7125,0.2435196710895554,0.6801665153864027
435,35,Atezo,KIRC,LR,TARGET,3.524641570094668,0.3235294117647059,6,5,19,4,0.4666666666666667,0.25401449606408427,0.7011791532357075
436,36,Atezo,KIRC,LR,TARGET,3.518845560607277,0.5882352941176471,6,14,10,4,0.6375,0.2473849706001032,0.6879955547492469
437,37,Atezo,KIRC,LR,TARGET,3.5142207930637266,0.6176470588235294,6,15,9,4,0.6791666666666667,0.24286540401983536,0.6788480080713735
438,38,Atezo,KIRC,LR,TARGET,3.5148773253793943,0.5294117647058824,7,11,13,3,0.6458333333333333,0.24605150637999293,0.6852279792568089
439,39,Atezo,KIRC,LR,TARGET,3.5311074918352015,0.4117647058823529,4,10,14,6,0.42500000000000004,0.2538639084003349,0.7008856984363309
440,40,Atezo,KIRC,LR,TARGET,3.520231319677672,0.38235294117647056,4,9,15,6,0.5125,0.24797013158022463,0.6890702752759447
441,41,Atezo,KIRC,LR,TARGET,3.5160824084445177,0.47058823529411764,6,10,14,4,0.6458333333333333,0.24731062446502097,0.6877574296071254
442,42,Atezo,KIRC,LR,TARGET,3.522076035743835,0.6176470588235294,5,16,8,5,0.5375000000000001,0.24715059840875953,0.6874455903214065
443,43,Atezo,KIRC,LR,TARGET,3.508378618776071,0.6470588235294118,7,15,9,3,0.7833333333333333,0.24492958398209344,0.6830017239373924
444,44,Atezo,KIRC,LR,TARGET,3.5188570766749154,0.5294117647058824,6,12,12,4,0.5916666666666667,0.2468857108074083,0.6869110253887217
445,45,Atezo,KIRC,LR,TARGET,3.5328998485501026,0.4411764705882353,5,10,14,5,0.49583333333333335,0.25602635372806654,0.7055143072904412
446,46,Atezo,KIRC,LR,TARGET,3.5076892328503124,0.7352941176470589,6,19,5,4,0.8291666666666666,0.24363702083821656,0.6804146228186904
447,47,Atezo,KIRC,LR,TARGET,3.5265306418622884,0.5,4,13,11,6,0.4666666666666667,0.2518718428008557,0.6969176409745653
448,48,Atezo,KIRC,LR,TARGET,3.514632300057398,0.5588235294117647,6,13,11,4,0.6333333333333333,0.24471192081468338,0.6825334130605608
449,49,Atezo,KIRC,LR,TARGET,3.520488836183824,0.5882352941176471,4,16,8,6,0.5541666666666667,0.24597101784488734,0.6850825703412642
450,50,Atezo,KIRC,LR,TARGET,3.5126275408118577,0.5882352941176471,6,14,10,4,0.6666666666666667,0.24439773276608054,0.6819189911059338
451,51,Atezo,KIRC,LR,TARGET,3.5096905482478036,0.6470588235294118,9,13,11,1,0.7625,0.24616989349930982,0.6854868269524091
452,52,Atezo,KIRC,LR,TARGET,3.5244903986792684,0.47058823529411764,4,12,12,6,0.43333333333333335,0.2486685799729396,0.690478039253917
453,53,Atezo,KIRC,LR,TARGET,3.51509082900452,0.6470588235294118,4,18,6,6,0.6583333333333333,0.24096028605315845,0.6750261319771016
454,54,Atezo,KIRC,LR,TARGET,3.5094995514390313,0.6764705882352942,8,15,9,2,0.7374999999999999,0.24416606805718993,0.6814671277248509
455,55,Atezo,KIRC,LR,TARGET,3.523441864514016,0.5882352941176471,3,17,7,7,0.5,0.24566592451645217,0.684464631920359
456,56,Atezo,KIRC,LR,TARGET,3.5247180519820347,0.5,5,12,12,5,0.5583333333333333,0.25084842340784835,0.6950361949947844
457,57,Atezo,KIRC,LR,TARGET,3.517599225441634,0.5,6,11,13,4,0.5874999999999999,0.24714356730921902,0.6874071486444461
458,58,Atezo,KIRC,LR,TARGET,3.5196487146590756,0.5588235294117647,3,16,8,7,0.5416666666666666,0.24321173908914046,0.679506017343683
459,59,Atezo,KIRC,LR,TARGET,3.522246791053277,0.4411764705882353,3,12,12,7,0.5375,0.2460699104728917,0.6852482582256272
460,60,Atezo,KIRC,LR,TARGET,3.5157989033952437,0.6176470588235294,6,15,9,4,0.6291666666666667,0.24443410805081994,0.6819976448466598
461,61,Atezo,KIRC,LR,TARGET,3.522522297482303,0.5,5,12,12,5,0.5166666666666666,0.24818367900296825,0.6895066734065809
462,62,Atezo,KIRC,LR,TARGET,3.526025479322117,0.5588235294117647,5,14,10,5,0.48750000000000004,0.24869687608182509,0.6905202533044786
463,63,Atezo,KIRC,LR,TARGET,3.512177422691589,0.6764705882352942,8,15,9,2,0.7458333333333335,0.24455266135424633,0.6822438287981669
464,64,Atezo,KIRC,LR,TARGET,3.5211119240084052,0.5294117647058824,6,12,12,4,0.5125000000000001,0.24886530670250745,0.6908715196889668
465,65,Atezo,KIRC,LR,TARGET,3.52253370458628,0.6470588235294118,7,15,9,3,0.6166666666666667,0.2487190607735899,0.6907162734689529
466,66,Atezo,KIRC,LR,TARGET,3.5156829960311047,0.5,5,12,12,5,0.6333333333333333,0.24697482389016384,0.6870883313713582
467,67,Atezo,KIRC,LR,TARGET,3.5241706000273334,0.5882352941176471,5,15,9,5,0.5499999999999999,0.24789915169914234,0.6889611773076361
468,68,Atezo,KIRC,LR,TARGET,3.5163378332562685,0.5882352941176471,8,12,12,2,0.6791666666666667,0.2476816076990437,0.6885870237388176
469,69,Atezo,KIRC,LR,TARGET,3.515535278069606,0.6176470588235294,7,14,10,3,0.6666666666666666,0.24603572837523052,0.6852140292483268
470,70,Atezo,KIRC,LR,TARGET,3.52570262062032,0.4411764705882353,6,9,15,4,0.48750000000000004,0.2525904523516527,0.6983464637074378
471,71,Atezo,KIRC,LR,TARGET,3.5249951901385455,0.5588235294117647,5,14,10,5,0.5166666666666666,0.25002508936448936,0.6933367057521189
472,72,Atezo,KIRC,LR,TARGET,3.516504076921513,0.6176470588235294,6,15,9,4,0.6041666666666666,0.24453450492698198,0.6822050164210959
473,73,Atezo,KIRC,LR,TARGET,3.512472666619983,0.6176470588235294,6,15,9,4,0.6833333333333333,0.24369644935732349,0.6805243519026128
474,74,Atezo,KIRC,LR,TARGET,3.5139899426246064,0.5882352941176471,7,13,11,3,0.6541666666666667,0.24568559584431882,0.684509339891914
475,75,Atezo,KIRC,LR,TARGET,3.5149244428488133,0.6764705882352942,8,15,9,2,0.6541666666666667,0.2466532759770835,0.6864533170205579
476,76,Atezo,KIRC,LR,TARGET,3.5147091615111394,0.6176470588235294,6,15,9,4,0.6916666666666667,0.2445000830436772,0.6821415332826098
477,77,Atezo,KIRC,LR,TARGET,3.527171049824127,0.5588235294117647,5,14,10,5,0.55,0.24885931913019851,0.6910356239550473
478,78,Atezo,KIRC,LR,TARGET,3.514466834147571,0.5588235294117647,5,14,10,5,0.6583333333333333,0.24289146111799417,0.6788955552640098
479,79,Atezo,KIRC,LR,TARGET,3.5233565106998013,0.5,6,11,13,4,0.6000000000000001,0.25165647279182773,0.6966112404649065
480,80,Atezo,KIRC,LR,TARGET,3.5411497530179523,0.4117647058823529,2,12,12,8,0.3666666666666667,0.2573601773110285,0.7082490507888177
481,81,Atezo,KIRC,LR,TARGET,3.516579403875588,0.5294117647058824,6,12,12,4,0.5875,0.24573309721010492,0.6845805287552447
482,82,Atezo,KIRC,LR,TARGET,3.5166099152242074,0.5294117647058824,5,13,11,5,0.6041666666666666,0.24415993466886854,0.6814486549179194
483,83,Atezo,KIRC,LR,TARGET,3.5262999847387198,0.4411764705882353,4,11,13,6,0.5333333333333333,0.25152888052249084,0.696355649595186
484,84,Atezo,KIRC,LR,TARGET,3.51380893177169,0.5882352941176471,6,14,10,4,0.6666666666666667,0.24398312050843174,0.6810884181764516
485,85,Atezo,KIRC,LR,TARGET,3.512910644365521,0.5588235294117647,6,13,11,4,0.6958333333333333,0.2449251843183734,0.682985804748471
486,86,Atezo,KIRC,LR,TARGET,3.5160068316594533,0.5,6,11,13,4,0.6458333333333334,0.24754395596154513,0.6882294222758029
487,87,Atezo,KIRC,LR,TARGET,3.512292838947842,0.6176470588235294,5,16,8,5,0.7083333333333334,0.24172893166513443,0.6765781717619296
488,88,Atezo,KIRC,LR,TARGET,3.5088265819244646,0.6764705882352942,7,16,8,3,0.7333333333333333,0.24405193598804362,0.6812439542693005
489,89,Atezo,KIRC,LR,TARGET,3.527997635158892,0.6176470588235294,5,16,8,5,0.5416666666666666,0.24957988334160297,0.6924933019756174
490,90,Atezo,KIRC,LR,TARGET,3.5104025331054975,0.6176470588235294,7,14,10,3,0.725,0.245817673170895,0.6847749521233188
491,91,Atezo,KIRC,LR,TARGET,3.511424836599511,0.6764705882352942,6,17,7,4,0.7041666666666666,0.2425521567072016,0.6782277500014591
492,92,Atezo,KIRC,LR,TARGET,3.511381380817345,0.6764705882352942,8,15,9,2,0.7083333333333333,0.24511090524299467,0.683360085509399
493,93,Atezo,KIRC,LR,TARGET,3.520793725501468,0.5882352941176471,5,15,9,5,0.5833333333333333,0.24749735346674992,0.6882516199153192
494,94,Atezo,KIRC,LR,TARGET,3.5252810334013214,0.47058823529411764,4,12,12,6,0.5041666666666667,0.24983289767897485,0.6928079396499277
495,95,Atezo,KIRC,LR,TARGET,3.5179991476245407,0.6176470588235294,5,16,8,5,0.6333333333333333,0.24539662991032002,0.683935191468921
496,96,Atezo,KIRC,LR,TARGET,3.5076336140842668,0.7352941176470589,7,18,6,3,0.7833333333333333,0.243737799793035,0.6806172303884747
497,97,Atezo,KIRC,LR,TARGET,3.513703795697439,0.5588235294117647,7,12,12,3,0.6541666666666667,0.24714774974172973,0.6874365638162806
498,98,Atezo,KIRC,LR,TARGET,3.518739261282743,0.5294117647058824,3,15,9,7,0.5833333333333334,0.24452753835369923,0.682180359749638
499,99,Atezo,KIRC,LR,TARGET,3.516323746498239,0.5294117647058824,5,13,11,5,0.6458333333333333,0.24562837758089687,0.68439131740526
500,0,Atezo,KIRC,KNN,TARGET,NA,0.7352941176470589,1,24,0,9,0.39791666666666664,0.23988970588235295,0.6847039318143041
501,1,Atezo,KIRC,KNN,TARGET,NA,0.7058823529411765,2,22,2,8,0.5708333333333333,0.20823529411764707,0.6046129595183687
502,2,Atezo,KIRC,KNN,TARGET,NA,0.7352941176470589,2,23,1,8,0.6458333333333335,0.196078431372549,0.5657587087570084
503,3,Atezo,KIRC,KNN,TARGET,NA,0.7058823529411765,1,23,1,9,0.53125,0.2279411764705882,1.6331267519054993
504,4,Atezo,KIRC,KNN,TARGET,NA,0.6764705882352942,2,21,3,8,0.5541666666666667,0.22294117647058823,0.6268312425199385
505,5,Atezo,KIRC,KNN,TARGET,NA,0.6470588235294118,0,22,2,10,0.4895833333333333,0.24882352941176472,0.6957217888180119
506,6,Atezo,KIRC,KNN,TARGET,NA,0.7352941176470589,1,24,0,9,0.5708333333333333,0.21977124183006536,0.6229514451723176
507,7,Atezo,KIRC,KNN,TARGET,NA,0.6176470588235294,0,21,3,10,0.5875,0.24147058823529413,0.6837317172974839
508,8,Atezo,KIRC,KNN,TARGET,NA,0.7058823529411765,2,22,2,8,0.5875,0.22140522875816995,0.6279816672362939
509,9,Atezo,KIRC,KNN,TARGET,NA,0.6470588235294118,1,21,3,9,0.43125,0.2916666666666667,4.727375262577247
510,10,Atezo,KIRC,KNN,TARGET,NA,0.7647058823529411,4,22,2,6,0.7541666666666667,0.1854575163398693,0.5502313237079222
511,11,Atezo,KIRC,KNN,TARGET,NA,0.7352941176470589,2,23,1,8,0.5416666666666667,0.22794117647058823,0.6457394207488016
512,12,Atezo,KIRC,KNN,TARGET,NA,0.7647058823529411,3,23,1,7,0.7333333333333333,0.17401960784313728,0.5125567988413909
513,13,Atezo,KIRC,KNN,TARGET,NA,0.7352941176470589,2,23,1,8,0.625,0.19411764705882356,0.5689988649110251
514,14,Atezo,KIRC,KNN,TARGET,NA,0.7352941176470589,1,24,0,9,0.4541666666666667,0.24428104575163404,1.6728372023320879
515,15,Atezo,KIRC,KNN,TARGET,NA,0.6470588235294118,1,21,3,9,0.4333333333333333,0.2497058823529412,0.7083657172950726
516,16,Atezo,KIRC,KNN,TARGET,NA,0.6764705882352942,0,23,1,10,0.5770833333333334,0.21500000000000002,1.5970095735186138
517,17,Atezo,KIRC,KNN,TARGET,NA,0.7352941176470589,2,23,1,8,0.6625,0.19163602941176472,0.5612687606144346
518,18,Atezo,KIRC,KNN,TARGET,NA,0.7058823529411765,0,24,0,10,0.5145833333333334,0.2191176470588235,0.6353713228723249
519,19,Atezo,KIRC,KNN,TARGET,NA,0.7352941176470589,1,24,0,9,0.6291666666666667,0.19823529411764707,0.5935472985237794
520,20,Atezo,KIRC,KNN,TARGET,NA,0.6176470588235294,2,19,5,8,0.5604166666666666,0.28022875816993464,1.7476831500680046
521,21,Atezo,KIRC,KNN,TARGET,NA,0.6764705882352942,1,22,2,9,0.5229166666666667,0.2261764705882353,0.6485096664756673
522,22,Atezo,KIRC,KNN,TARGET,NA,0.7647058823529411,2,24,0,8,0.6937500000000001,0.18323529411764705,0.5506346617749076
523,23,Atezo,KIRC,KNN,TARGET,NA,0.7058823529411765,1,23,1,9,0.6,0.20852941176470588,0.6122578940880834
524,24,Atezo,KIRC,KNN,TARGET,NA,0.7058823529411765,1,23,1,9,0.5729166666666666,0.2116013071895425,1.6006768920063077
525,25,Atezo,KIRC,KNN,TARGET,NA,0.6764705882352942,0,23,1,10,0.41875000000000007,0.2502941176470589,0.7084111612146318
526,26,Atezo,KIRC,KNN,TARGET,NA,0.7058823529411765,0,24,0,10,0.7604166666666666,0.17617647058823527,0.5249833999988982
527,27,Atezo,KIRC,KNN,TARGET,NA,0.7352941176470589,2,23,1,8,0.55,0.21185661764705882,0.6112530738794054
528,28,Atezo,KIRC,KNN,TARGET,NA,0.6470588235294118,3,19,5,7,0.4979166666666667,0.2373529411764706,0.6786769905343774
529,29,Atezo,KIRC,KNN,TARGET,NA,0.7352941176470589,1,24,0,9,0.6104166666666667,0.19647058823529412,0.5788761313575249
530,30,Atezo,KIRC,KNN,TARGET,NA,0.7647058823529411,2,24,0,8,0.5916666666666667,0.2261029411764706,2.6040996776911545
531,31,Atezo,KIRC,KNN,TARGET,NA,0.6764705882352942,1,22,2,9,0.5,0.25323529411764706,3.6713163509425732
532,32,Atezo,KIRC,KNN,TARGET,NA,0.7058823529411765,1,23,1,9,0.5541666666666667,0.21352941176470594,0.624424419832564
533,33,Atezo,KIRC,KNN,TARGET,NA,0.6764705882352942,0,23,1,10,0.7083333333333334,0.19301470588235295,0.55188787270758
534,34,Atezo,KIRC,KNN,TARGET,NA,0.7058823529411765,2,22,2,8,0.63125,0.19882352941176473,0.5824836009425539
535,35,Atezo,KIRC,KNN,TARGET,NA,0.6764705882352942,1,22,2,9,0.5125,0.23943014705882354,0.6640828921022711
536,36,Atezo,KIRC,KNN,TARGET,NA,0.7352941176470589,2,23,1,8,0.6958333333333334,0.18060661764705882,0.5213362046065529
537,37,Atezo,KIRC,KNN,TARGET,NA,0.7352941176470589,1,24,0,9,0.6270833333333333,0.19588235294117648,0.5716345166371923
538,38,Atezo,KIRC,KNN,TARGET,NA,0.6764705882352942,2,21,3,8,0.5083333333333333,0.33088235294117646,9.724447209620408
539,39,Atezo,KIRC,KNN,TARGET,NA,0.7352941176470589,1,24,0,9,0.6104166666666667,0.19852941176470587,0.5887723736110901
540,40,Atezo,KIRC,KNN,TARGET,NA,0.6470588235294118,0,22,2,10,0.5291666666666667,0.22886029411764705,0.6514077354685801
541,41,Atezo,KIRC,KNN,TARGET,NA,0.7058823529411765,1,23,1,9,0.6125,0.20772058823529413,1.580987193715495
542,42,Atezo,KIRC,KNN,TARGET,NA,0.7352941176470589,1,24,0,9,0.55,0.20941176470588235,0.6204847735822776
543,43,Atezo,KIRC,KNN,TARGET,NA,0.6764705882352942,0,23,1,10,0.6395833333333334,0.1970588235294118,0.5774533788785775
544,44,Atezo,KIRC,KNN,TARGET,NA,0.7058823529411765,0,24,0,10,0.5604166666666667,0.21029411764705883,0.6092112227693242
545,45,Atezo,KIRC,KNN,TARGET,NA,0.6470588235294118,2,20,4,8,0.4375,0.255,0.7221893534493589
546,46,Atezo,KIRC,KNN,TARGET,NA,0.6764705882352942,0,23,1,10,0.5083333333333333,0.22970588235294123,0.6490127684728125
547,47,Atezo,KIRC,KNN,TARGET,NA,0.7058823529411765,0,24,0,10,0.4875,0.25183823529411764,4.63930364887757
548,48,Atezo,KIRC,KNN,TARGET,NA,0.6176470588235294,1,20,4,9,0.5875,0.22323529411764706,0.6330166675620099
549,49,Atezo,KIRC,KNN,TARGET,NA,0.6764705882352942,0,23,1,10,0.5479166666666666,0.2173529411764706,0.6218219596763909
550,50,Atezo,KIRC,KNN,TARGET,NA,0.7647058823529411,2,24,0,8,0.5458333333333333,0.22104779411764705,1.6225946413748125
551,51,Atezo,KIRC,KNN,TARGET,NA,0.6470588235294118,2,20,4,8,0.44166666666666665,0.375,9.846767300307459
552,52,Atezo,KIRC,KNN,TARGET,NA,0.6470588235294118,1,21,3,9,0.4750000000000001,0.25571895424836605,2.67820992147465
553,53,Atezo,KIRC,KNN,TARGET,NA,0.6764705882352942,2,21,3,8,0.5708333333333333,0.21588235294117653,0.6187298444380726
554,54,Atezo,KIRC,KNN,TARGET,NA,0.6470588235294118,0,22,2,10,0.5916666666666667,0.2339154411764706,0.6659810839004349
555,55,Atezo,KIRC,KNN,TARGET,NA,0.6764705882352942,0,23,1,10,0.4020833333333333,0.2606209150326797,2.6890724526950116
556,56,Atezo,KIRC,KNN,TARGET,NA,0.7058823529411765,1,23,1,9,0.6020833333333334,0.2023529411764706,0.5935804900937736
557,57,Atezo,KIRC,KNN,TARGET,NA,0.7058823529411765,2,22,2,8,0.48958333333333337,0.2516339869281046,2.68061121526996
558,58,Atezo,KIRC,KNN,TARGET,NA,0.6470588235294118,1,21,3,9,0.5166666666666666,0.23937908496732027,1.652678155024271
559,59,Atezo,KIRC,KNN,TARGET,NA,0.6470588235294118,0,22,2,10,0.5020833333333333,0.2495404411764706,1.6755499410100063
560,60,Atezo,KIRC,KNN,TARGET,NA,0.7352941176470589,1,24,0,9,0.5791666666666666,0.21264705882352944,0.6267002322155447
561,61,Atezo,KIRC,KNN,TARGET,NA,0.6764705882352942,1,22,2,9,0.5666666666666667,0.23366013071895422,1.6480133011955462
562,62,Atezo,KIRC,KNN,TARGET,NA,0.6764705882352942,1,22,2,9,0.5916666666666668,0.22794117647058823,1.6177371006183066
563,63,Atezo,KIRC,KNN,TARGET,NA,0.7058823529411765,1,23,1,9,0.625,0.19990808823529413,0.576801674555586
564,64,Atezo,KIRC,KNN,TARGET,NA,0.5882352941176471,0,20,4,10,0.5125,0.2679227941176471,0.7330066299703388
565,65,Atezo,KIRC,KNN,TARGET,NA,0.7352941176470589,1,24,0,9,0.5541666666666667,0.2113970588235294,0.5958122423428074
566,66,Atezo,KIRC,KNN,TARGET,NA,0.6764705882352942,2,21,3,8,0.47708333333333336,0.23264705882352943,0.6723483028383468
567,67,Atezo,KIRC,KNN,TARGET,NA,0.7352941176470589,1,24,0,9,0.5895833333333333,0.2023529411764706,0.5851192526687212
568,68,Atezo,KIRC,KNN,TARGET,NA,0.7352941176470589,1,24,0,9,0.65,0.20941176470588235,1.6042824163955767
569,69,Atezo,KIRC,KNN,TARGET,NA,0.7352941176470589,1,24,0,9,0.6333333333333333,0.19255514705882354,0.5637666785787084
570,70,Atezo,KIRC,KNN,TARGET,NA,0.7352941176470589,1,24,0,9,0.6083333333333333,0.20404411764705882,0.59502814392981
571,71,Atezo,KIRC,KNN,TARGET,NA,0.6764705882352942,1,22,2,9,0.4145833333333333,0.2922794117647059,4.72431458293334
572,72,Atezo,KIRC,KNN,TARGET,NA,0.7058823529411765,2,22,2,8,0.3104166666666667,0.28630514705882354,3.7596286738406386
573,73,Atezo,KIRC,KNN,TARGET,NA,0.7352941176470589,1,24,0,9,0.6125,0.20558823529411768,0.6070055664428142
574,74,Atezo,KIRC,KNN,TARGET,NA,0.6470588235294118,1,21,3,9,0.48750000000000004,0.26838235294117646,3.6895908425874038
575,75,Atezo,KIRC,KNN,TARGET,NA,0.6176470588235294,0,21,3,10,0.5520833333333333,0.23988970588235295,1.667936234596922
576,76,Atezo,KIRC,KNN,TARGET,NA,0.6176470588235294,0,21,3,10,0.41874999999999996,0.2687908496732026,1.73422488214897
577,77,Atezo,KIRC,KNN,TARGET,NA,0.7352941176470589,1,24,0,9,0.7625,0.17411764705882352,0.5179571674023586
578,78,Atezo,KIRC,KNN,TARGET,NA,0.7058823529411765,2,22,2,8,0.5687500000000001,0.21029411764705885,0.6040377380513892
579,79,Atezo,KIRC,KNN,TARGET,NA,0.7352941176470589,2,23,1,8,0.5354166666666667,0.21441176470588236,0.624653248871357
580,80,Atezo,KIRC,KNN,TARGET,NA,0.7647058823529411,4,22,2,6,0.7291666666666666,0.17470588235294118,0.519764263923623
581,81,Atezo,KIRC,KNN,TARGET,NA,0.6470588235294118,1,21,3,9,0.6208333333333333,0.20176470588235293,0.5785107631222733
582,82,Atezo,KIRC,KNN,TARGET,NA,0.7058823529411765,2,22,2,8,0.6333333333333333,0.19735294117647062,0.5761493843544583
583,83,Atezo,KIRC,KNN,TARGET,NA,0.6764705882352942,3,20,4,7,0.6416666666666666,0.22957516339869283,1.6322914732430958
584,84,Atezo,KIRC,KNN,TARGET,NA,0.7352941176470589,1,24,0,9,0.625,0.19647058823529415,0.5671917683897609
585,85,Atezo,KIRC,KNN,TARGET,NA,0.6470588235294118,1,21,3,9,0.5583333333333333,0.22617647058823528,0.6415757237214619
586,86,Atezo,KIRC,KNN,TARGET,NA,0.7058823529411765,1,23,1,9,0.5729166666666666,0.2238562091503268,1.6283241643148807
587,87,Atezo,KIRC,KNN,TARGET,NA,0.7352941176470589,1,24,0,9,0.6395833333333333,0.1970588235294118,0.5767348947576393
588,88,Atezo,KIRC,KNN,TARGET,NA,0.6470588235294118,1,21,3,9,0.48541666666666666,0.24117647058823527,0.6870194700046013
589,89,Atezo,KIRC,KNN,TARGET,NA,0.7352941176470589,1,24,0,9,0.6291666666666667,0.19176470588235292,0.5669384346518375
590,90,Atezo,KIRC,KNN,TARGET,NA,0.7352941176470589,1,24,0,9,0.46875,0.22558823529411764,0.6595943032773216
591,91,Atezo,KIRC,KNN,TARGET,NA,0.6470588235294118,0,22,2,10,0.51875,0.23851102941176472,1.6464400011949922
592,92,Atezo,KIRC,KNN,TARGET,NA,0.7058823529411765,2,22,2,8,0.5729166666666667,0.22840073529411764,0.6517731037038318
593,93,Atezo,KIRC,KNN,TARGET,NA,0.7058823529411765,0,24,0,10,0.65,0.19735294117647062,0.5856735349152719
594,94,Atezo,KIRC,KNN,TARGET,NA,0.7058823529411765,2,22,2,8,0.7333333333333333,0.1792279411764706,0.5202543156637268
595,95,Atezo,KIRC,KNN,TARGET,NA,0.6764705882352942,2,21,3,8,0.4833333333333333,0.2332352941176471,0.6710443083142277
596,96,Atezo,KIRC,KNN,TARGET,NA,0.6470588235294118,1,21,3,9,0.4666666666666667,0.24235294117647066,0.6908557686284231
597,97,Atezo,KIRC,KNN,TARGET,NA,0.7352941176470589,1,24,0,9,0.6541666666666668,0.1920588235294118,0.5775511976129769
598,98,Atezo,KIRC,KNN,TARGET,NA,0.7058823529411765,0,24,0,10,0.5645833333333333,0.2165032679738562,1.5954522270389677
599,99,Atezo,KIRC,KNN,TARGET,NA,0.7058823529411765,1,23,1,9,0.6479166666666667,0.19944852941176472,0.5897568404774755
