,feature,model,i,tissue,y_true,pred_bin,pred_prob
0,IMPRES,LR,0,BLCA,0,1,0.5029539432258135
1,IMPRES,LR,1,BLCA,0,0,0.45660409540926483
2,IMPRES,LR,2,BLCA,0,1,0.5269425914335899
3,IMPRES,LR,3,BLCA,0,1,0.5516574221610191
4,IMPRES,LR,4,BLCA,1,1,0.5467345586803224
5,IMPRES,LR,5,BLCA,1,1,0.502918412936409
6,IMPRES,LR,6,BLCA,1,0,0.45158574791070605
7,IMPRES,LR,7,BLCA,1,1,0.5256038991728472
8,IMPRES,LR,8,BLCA,0,1,0.5029539432258135
9,IMPRES,LR,9,BLCA,0,0,0.45660409540926483
10,IMPRES,LR,10,BLCA,0,1,0.5029539432258135
11,IMPRES,LR,11,BLCA,0,1,0.5029539432258135
12,IMPRES,LR,12,BLCA,0,0,0.43396037600024884
13,IMPRES,LR,13,BLCA,0,1,0.5269425914335899
14,IMPRES,LR,14,BLCA,0,1,0.5269425914335899
15,IMPRES,LR,15,BLCA,0,0,0.4795546300929685
16,IMPRES,LR,16,BLCA,0,1,0.5029539432258135
17,IMPRES,LR,17,BLCA,0,0,0.45660409540926483
18,IMPRES,LR,18,BLCA,1,0,0.47835828634267696
19,IMPRES,LR,19,BLCA,1,1,0.5256038991728472
20,IMPRES,LR,20,BLCA,0,0,0.4795546300929684
21,IMPRES,LR,21,BLCA,0,0,0.4795546300929684
22,IMPRES,LR,22,BLCA,0,1,0.5269425914335899
23,IMPRES,LR,23,BLCA,0,0,0.45660409540926483
24,IMPRES,LR,24,BLCA,0,1,0.5269425914335899
25,IMPRES,LR,25,BLCA,0,1,0.5269425914335899
26,IMPRES,LR,26,BLCA,0,1,0.5029539432258135
27,IMPRES,LR,27,BLCA,0,1,0.5029539432258135
28,IMPRES,LR,28,BLCA,0,1,0.5269425914335899
29,IMPRES,LR,29,BLCA,0,1,0.5269425914335899
30,IMPRES,LR,30,BLCA,0,1,0.5029539432258135
31,IMPRES,LR,31,BLCA,1,1,0.502918412936409
32,IMPRES,LR,32,BLCA,0,1,0.5029539432258135
33,IMPRES,LR,33,BLCA,0,1,0.5029539432258135
34,IMPRES,LR,34,BLCA,0,0,0.45660409540926483
35,IMPRES,LR,35,BLCA,0,0,0.4795546300929684
36,IMPRES,LR,36,BLCA,0,1,0.5029539432258135
37,IMPRES,LR,37,BLCA,1,1,0.502918412936409
38,IMPRES,LR,38,BLCA,0,1,0.5029539432258135
39,IMPRES,LR,39,BLCA,0,1,0.5269425914335899
40,IMPRES,LR,40,BLCA,1,1,0.5467345586803224
41,IMPRES,LR,41,BLCA,0,1,0.5029539432258135
42,IMPRES,LR,42,BLCA,0,0,0.4795546300929685
43,IMPRES,LR,43,BLCA,0,1,0.5029539432258135
44,IMPRES,LR,44,BLCA,1,0,0.47835828634267696
45,IMPRES,LR,45,BLCA,1,0,0.47835828634267696
46,IMPRES,LR,46,BLCA,0,0,0.45660409540926483
47,IMPRES,LR,47,BLCA,0,0,0.4795546300929685
48,IMPRES,LR,48,BLCA,1,1,0.502918412936409
49,IMPRES,LR,49,BLCA,0,1,0.5029539432258135
50,IMPRES,LR,50,BLCA,0,0,0.4795546300929685
51,IMPRES,LR,51,BLCA,0,0,0.4795546300929685
52,IMPRES,LR,52,BLCA,0,1,0.5269425914335899
53,IMPRES,LR,53,BLCA,0,1,0.5029539432258135
54,IMPRES,LR,54,BLCA,0,0,0.4795546300929685
55,IMPRES,LR,55,BLCA,0,0,0.4795546300929685
56,IMPRES,LR,56,BLCA,0,1,0.5516574221610191
57,IMPRES,LR,57,BLCA,0,0,0.4795546300929684
58,IMPRES,LR,58,BLCA,1,1,0.502918412936409
59,IMPRES,LR,59,BLCA,1,1,0.502918412936409
60,IMPRES,LR,60,BLCA,0,0,0.45660409540926483
61,IMPRES,LR,61,BLCA,1,1,0.502918412936409
62,IMPRES,LR,62,BLCA,0,1,0.5029539432258135
63,IMPRES,LR,63,BLCA,1,1,0.5467345586803224
64,IMPRES,LR,64,BLCA,0,0,0.4795546300929685
65,IMPRES,LR,65,BLCA,0,1,0.577227803869407
66,IMPRES,LR,66,BLCA,0,1,0.5269425914335899
67,IMPRES,LR,67,BLCA,0,1,0.5269425914335899
68,IMPRES,LR,68,BLCA,0,1,0.5029539432258135
69,IMPRES,LR,69,BLCA,0,1,0.5029539432258135
70,IMPRES,LR,70,BLCA,0,0,0.4795546300929684
71,IMPRES,LR,71,BLCA,0,1,0.5029539432258135
72,IMPRES,LR,72,BLCA,0,0,0.4114815572044781
73,IMPRES,LR,73,BLCA,0,1,0.5516574221610191
74,IMPRES,LR,74,BLCA,1,1,0.5256038991728472
75,IMPRES,LR,75,BLCA,0,1,0.5269425914335899
76,IMPRES,LR,76,BLCA,1,0,0.47835828634267696
77,IMPRES,LR,77,BLCA,0,0,0.4795546300929684
78,IMPRES,LR,78,BLCA,0,1,0.5029539432258135
79,IMPRES,LR,79,BLCA,0,1,0.5269425914335899
80,IMPRES,LR,80,BLCA,0,1,0.5029539432258135
81,IMPRES,LR,81,BLCA,0,1,0.5029539432258135
82,IMPRES,LR,82,BLCA,0,1,0.5269425914335899
83,IMPRES,LR,83,BLCA,0,0,0.4114815572044781
84,IMPRES,LR,84,BLCA,0,1,0.5269425914335899
85,IMPRES,LR,85,BLCA,0,0,0.45660409540926483
86,IMPRES,LR,86,BLCA,0,0,0.45660409540926483
87,IMPRES,LR,87,BLCA,0,0,0.4795546300929684
88,IMPRES,LR,88,BLCA,0,1,0.5029539432258135
89,IMPRES,LR,89,BLCA,1,1,0.5256038991728472
90,IMPRES,LR,90,BLCA,0,0,0.45660409540926483
91,IMPRES,LR,91,BLCA,0,1,0.5269425914335899
92,IMPRES,LR,92,BLCA,0,1,0.5516574221610191
93,IMPRES,LR,93,BLCA,1,0,0.47835828634267696
94,IMPRES,LR,94,BLCA,0,0,0.45660409540926483
95,IMPRES,LR,95,BLCA,0,1,0.5029539432258135
96,IMPRES,LR,96,BLCA,0,0,0.45660409540926483
97,IMPRES,LR,97,BLCA,1,1,0.5467345586803224
98,IMPRES,LR,98,BLCA,0,0,0.43396037600024884
99,IMPRES,LR,99,BLCA,0,0,0.4795546300929684
100,IMPRES,LR,100,BLCA,1,1,0.5256038991728472
101,IMPRES,LR,101,BLCA,1,1,0.502918412936409
102,IMPRES,LR,102,BLCA,1,0,0.42225584392044313
103,IMPRES,LR,103,BLCA,0,0,0.4795546300929684
104,IMPRES,LR,104,BLCA,0,0,0.43396037600024884
105,IMPRES,LR,105,BLCA,0,0,0.4795546300929685
106,IMPRES,LR,106,BLCA,0,1,0.5269425914335899
107,IMPRES,LR,107,BLCA,0,1,0.5029539432258135
108,IMPRES,LR,108,BLCA,0,0,0.43396037600024884
109,IMPRES,LR,109,BLCA,0,0,0.4795546300929684
110,IMPRES,LR,110,BLCA,0,0,0.45660409540926483
111,IMPRES,LR,111,BLCA,0,0,0.45660409540926483
112,IMPRES,LR,112,BLCA,0,0,0.4795546300929684
113,IMPRES,LR,113,BLCA,0,1,0.5516574221610191
114,IMPRES,LR,114,BLCA,1,1,0.5467345586803224
115,IMPRES,LR,115,BLCA,1,0,0.47835828634267696
116,IMPRES,LR,116,BLCA,0,1,0.5029539432258135
117,IMPRES,LR,117,BLCA,0,1,0.5029539432258135
118,IMPRES,LR,118,BLCA,0,1,0.5029539432258135
119,IMPRES,LR,119,BLCA,0,1,0.5269425914335899
120,IMPRES,LR,120,BLCA,0,0,0.4795546300929685
121,IMPRES,LR,121,BLCA,0,0,0.45660409540926483
122,IMPRES,LR,122,BLCA,0,1,0.5269425914335899
123,IMPRES,LR,123,BLCA,1,1,0.502918412936409
124,IMPRES,LR,124,BLCA,0,0,0.4795546300929684
125,IMPRES,LR,125,BLCA,0,1,0.5269425914335899
126,IMPRES,LR,126,BLCA,0,0,0.4795546300929685
127,IMPRES,LR,127,BLCA,1,1,0.502918412936409
128,IMPRES,LR,128,BLCA,0,0,0.45660409540926483
129,IMPRES,LR,129,BLCA,1,0,0.47835828634267696
130,IMPRES,LR,130,BLCA,0,1,0.5029539432258135
131,IMPRES,LR,131,BLCA,0,1,0.5029539432258135
132,IMPRES,LR,132,BLCA,0,1,0.5269425914335899
133,IMPRES,LR,133,BLCA,1,1,0.5256038991728472
134,IMPRES,LR,134,BLCA,1,0,0.47835828634267696
135,IMPRES,LR,135,BLCA,0,0,0.4795546300929684
136,IMPRES,LR,136,BLCA,0,1,0.5269425914335899
137,IMPRES,LR,137,BLCA,1,1,0.5467345586803223
138,IMPRES,LR,138,BLCA,1,1,0.5256038991728472
139,IMPRES,LR,139,BLCA,0,1,0.5269425914335899
140,IMPRES,LR,140,BLCA,0,1,0.5029539432258137
141,IMPRES,LR,141,BLCA,0,1,0.5029539432258137
142,IMPRES,LR,142,BLCA,0,1,0.5029539432258137
143,IMPRES,LR,143,BLCA,0,1,0.5029539432258137
144,IMPRES,LR,144,BLCA,1,1,0.5256038991728472
145,IMPRES,LR,145,BLCA,0,1,0.5516574221610191
146,IMPRES,LR,146,BLCA,0,1,0.5269425914335899
147,IMPRES,LR,147,BLCA,0,1,0.5269425914335899
148,IMPRES,LR,148,BLCA,1,0,0.42225584392044313
149,IMPRES,LR,149,BLCA,0,1,0.5269425914335899
150,IMPRES,LR,150,BLCA,0,0,0.4795546300929685
151,IMPRES,LR,151,BLCA,0,1,0.5029539432258135
152,IMPRES,LR,152,BLCA,1,0,0.47835828634267696
153,IMPRES,LR,153,BLCA,0,1,0.5269425914335899
154,IMPRES,LR,154,BLCA,0,1,0.5269425914335899
155,IMPRES,LR,155,BLCA,0,0,0.4795546300929684
156,IMPRES,LR,156,BLCA,0,1,0.5516574221610191
157,IMPRES,LR,157,BLCA,0,0,0.4795546300929685
158,IMPRES,LR,158,BLCA,0,1,0.5029539432258135
159,IMPRES,LR,159,BLCA,1,0,0.47835828634267696
160,IMPRES,LR,160,BLCA,0,0,0.4795546300929684
161,IMPRES,LR,161,BLCA,0,1,0.5029539432258135
162,IMPRES,LR,162,BLCA,1,1,0.5256038991728472
163,IMPRES,LR,163,BLCA,1,1,0.502918412936409
164,IMPRES,LR,164,BLCA,0,1,0.5269425914335899
165,IMPRES,LR,165,BLCA,0,0,0.4795546300929685
166,IMPRES,LR,166,BLCA,0,1,0.5029539432258135
167,IMPRES,LR,167,BLCA,0,0,0.4795546300929685
168,IMPRES,LR,168,BLCA,1,1,0.502918412936409
169,IMPRES,LR,169,BLCA,0,1,0.5269425914335899
170,IMPRES,LR,170,BLCA,0,0,0.4795546300929685
171,IMPRES,LR,171,BLCA,0,1,0.5029539432258135
172,IMPRES,LR,172,BLCA,0,0,0.4795546300929684
173,IMPRES,LR,173,BLCA,0,0,0.4795546300929684
174,IMPRES,LR,174,BLCA,0,1,0.5772278038694069
175,IMPRES,LR,175,BLCA,0,0,0.4795546300929684
176,IMPRES,LR,176,BLCA,0,1,0.5516574221610191
177,IMPRES,LR,177,BLCA,0,0,0.4795546300929684
178,IMPRES,LR,178,BLCA,1,1,0.502918412936409
179,IMPRES,LR,179,BLCA,0,1,0.5029539432258135
180,IMPRES,LR,180,BLCA,0,1,0.5029539432258135
181,IMPRES,LR,181,BLCA,0,1,0.5269425914335899
182,IMPRES,LR,182,BLCA,0,1,0.5029539432258135
183,IMPRES,LR,183,BLCA,0,0,0.43396037600024884
184,IMPRES,LR,184,BLCA,0,0,0.43396037600024884
185,IMPRES,LR,185,BLCA,0,1,0.5029539432258137
186,IMPRES,LR,186,BLCA,0,0,0.4795546300929684
187,IMPRES,LR,187,BLCA,0,1,0.5029539432258135
188,IMPRES,LR,188,BLCA,0,1,0.5029539432258135
189,IMPRES,LR,189,BLCA,0,1,0.5029539432258135
190,IMPRES,LR,190,BLCA,0,1,0.5269425914335899
191,IMPRES,LR,191,BLCA,1,0,0.47835828634267696
192,IMPRES,LR,192,BLCA,0,0,0.4114815572044781
193,IMPRES,LR,193,BLCA,0,1,0.5269425914335899
194,IMPRES,LR,194,BLCA,0,0,0.4795546300929685
195,IMPRES,LR,195,BLCA,0,1,0.5029539432258135
196,IMPRES,LR,196,BLCA,1,0,0.47835828634267696
197,IMPRES,LR,197,BLCA,0,0,0.4795546300929684
198,IMPRES,LR,198,BLCA,0,0,0.45660409540926483
199,IMPRES,LR,199,BLCA,0,0,0.4795546300929685
200,IMPRES,LR,200,BLCA,0,1,0.5029539432258135
201,IMPRES,LR,201,BLCA,0,1,0.5029539432258135
202,IMPRES,LR,202,BLCA,0,1,0.5269425914335899
203,IMPRES,LR,203,BLCA,1,1,0.502918412936409
204,IMPRES,LR,204,BLCA,0,1,0.5269425914335899
205,IMPRES,LR,205,BLCA,0,0,0.45660409540926483
206,IMPRES,LR,206,BLCA,0,1,0.5516574221610191
207,IMPRES,LR,207,BLCA,1,0,0.47835828634267696
208,IMPRES,LR,208,BLCA,0,0,0.4795546300929684
209,IMPRES,LR,209,BLCA,0,1,0.5772278038694069
210,IMPRES,LR,210,BLCA,1,0,0.47835828634267696
211,IMPRES,LR,211,BLCA,1,0,0.45158574791070605
212,IMPRES,LR,212,BLCA,1,1,0.502918412936409
213,IMPRES,LR,213,BLCA,1,1,0.5256038991728472
214,IMPRES,LR,214,BLCA,0,1,0.5029539432258135
215,IMPRES,LR,215,BLCA,0,1,0.5269425914335899
216,IMPRES,LR,216,BLCA,0,1,0.5029539432258135
217,IMPRES,LR,217,BLCA,0,1,0.5029539432258135
218,IMPRES,LR,218,BLCA,0,1,0.5269425914335899
219,IMPRES,LR,219,BLCA,0,0,0.4795546300929684
220,IMPRES,LR,220,BLCA,0,0,0.43396037600024884
221,IMPRES,LR,221,BLCA,0,1,0.5029539432258135
222,IMPRES,LR,222,BLCA,0,0,0.4795546300929685
223,IMPRES,LR,223,BLCA,0,1,0.5269425914335899
224,IMPRES,LR,224,BLCA,0,1,0.5029539432258135
225,IMPRES,LR,225,BLCA,1,0,0.47835828634267696
226,IMPRES,LR,226,BLCA,0,1,0.5029539432258135
227,IMPRES,LR,227,BLCA,0,0,0.4795546300929685
228,IMPRES,LR,228,BLCA,0,0,0.4795546300929685
229,IMPRES,LR,229,BLCA,0,0,0.45660409540926483
230,IMPRES,LR,230,BLCA,1,0,0.47835828634267696
231,IMPRES,LR,231,BLCA,1,0,0.47835828634267696
232,IMPRES,LR,232,BLCA,1,1,0.502918412936409
233,IMPRES,LR,233,BLCA,0,0,0.45660409540926483
234,IMPRES,LR,234,BLCA,0,0,0.4795546300929685
235,IMPRES,LR,235,BLCA,0,1,0.5516574221610191
236,IMPRES,LR,236,BLCA,1,1,0.5467345586803224
237,IMPRES,LR,237,BLCA,0,1,0.5029539432258135
238,IMPRES,LR,238,BLCA,0,1,0.5516574221610191
239,IMPRES,LR,239,BLCA,0,0,0.4795546300929685
240,IMPRES,LR,240,BLCA,1,1,0.502918412936409
241,IMPRES,LR,241,BLCA,0,1,0.5029539432258135
242,IMPRES,LR,242,BLCA,0,1,0.5029539432258135
243,IMPRES,LR,243,BLCA,1,1,0.502918412936409
244,IMPRES,LR,244,BLCA,0,1,0.5029539432258135
245,IMPRES,LR,245,BLCA,0,1,0.5269425914335899
246,IMPRES,LR,246,BLCA,0,0,0.43396037600024884
247,IMPRES,LR,247,BLCA,0,0,0.45660409540926483
248,IMPRES,LR,248,BLCA,1,1,0.5467345586803224
249,IMPRES,LR,249,BLCA,1,1,0.5467345586803224
250,IMPRES,LR,250,BLCA,1,1,0.5467345586803224
251,IMPRES,LR,251,BLCA,1,1,0.502918412936409
252,IMPRES,LR,252,BLCA,0,1,0.5029539432258135
253,IMPRES,LR,253,BLCA,0,0,0.45660409540926483
254,IMPRES,LR,254,BLCA,0,1,0.5029539432258135
255,IMPRES,LR,255,BLCA,1,1,0.5256038991728472
256,IMPRES,LR,256,BLCA,0,0,0.4795546300929685
257,IMPRES,LR,257,BLCA,0,0,0.4795546300929685
258,IMPRES,LR,258,BLCA,0,0,0.4795546300929685
259,IMPRES,LR,259,BLCA,0,0,0.4795546300929685
260,IMPRES,LR,260,BLCA,0,1,0.5029539432258135
261,IMPRES,LR,261,BLCA,0,0,0.4795546300929685
262,IMPRES,LR,262,BLCA,0,1,0.5029539432258135
263,IMPRES,LR,263,BLCA,0,1,0.5029539432258135
264,IMPRES,LR,264,BLCA,0,1,0.5269425914335899
265,IMPRES,LR,265,BLCA,0,0,0.4339603760002487
266,IMPRES,LR,266,BLCA,0,0,0.45660409540926483
267,IMPRES,LR,267,BLCA,1,1,0.5256038991728472
268,IMPRES,LR,268,BLCA,0,0,0.4795546300929685
269,IMPRES,LR,269,BLCA,0,0,0.4795546300929685
270,IMPRES,LR,270,BLCA,0,1,0.5269425914335899
271,IMPRES,LR,271,BLCA,1,0,0.47835828634267696
272,IMPRES,LR,272,BLCA,0,1,0.5269425914335899
273,IMPRES,LR,273,BLCA,0,0,0.4795546300929685
274,IMPRES,LR,274,BLCA,1,1,0.502918412936409
275,IMPRES,LR,275,BLCA,0,0,0.4795546300929685
276,IMPRES,LR,276,BLCA,0,1,0.5269425914335899
277,IMPRES,LR,277,BLCA,0,1,0.5029539432258135
278,IMPRES,LR,278,BLCA,0,1,0.5029539432258135
279,IMPRES,LR,279,BLCA,0,1,0.5029539432258135
280,IMPRES,LR,280,BLCA,0,1,0.5029539432258135
281,IMPRES,LR,281,BLCA,0,1,0.5029539432258135
282,IMPRES,LR,282,BLCA,1,1,0.5256038991728472
283,IMPRES,LR,283,BLCA,0,1,0.5029539432258135
284,IMPRES,LR,284,BLCA,0,0,0.4795546300929685
285,IMPRES,LR,285,BLCA,0,0,0.45660409540926483
286,IMPRES,LR,286,BLCA,0,1,0.5269425914335899
287,IMPRES,LR,287,BLCA,0,1,0.5029539432258135
288,IMPRES,LR,288,BLCA,0,1,0.5516574221610191
289,IMPRES,LR,289,BLCA,1,1,0.502918412936409
290,IMPRES,LR,290,BLCA,0,1,0.5029539432258135
291,IMPRES,LR,291,BLCA,0,1,0.5029539432258135
292,IMPRES,LR,292,BLCA,0,0,0.4795546300929685
293,IMPRES,LR,293,BLCA,0,0,0.43396037600024884
294,IMPRES,LR,294,BLCA,1,1,0.5256038991728472
295,IMPRES,LR,295,BLCA,0,0,0.45660409540926483
296,IMPRES,LR,296,BLCA,0,1,0.5029539432258135
297,IMPRES,LR,297,BLCA,1,0,0.45158574791070605
298,IMPRES,KNN,0,BLCA,0,0,0.3333333333333333
299,IMPRES,KNN,1,BLCA,0,0,0.25
300,IMPRES,KNN,2,BLCA,0,0,0.5
301,IMPRES,KNN,3,BLCA,0,0,0.5
302,IMPRES,KNN,4,BLCA,1,0,0.4
303,IMPRES,KNN,5,BLCA,1,0,0.1
304,IMPRES,KNN,6,BLCA,1,0,0.0
305,IMPRES,KNN,7,BLCA,1,0,0.125
306,IMPRES,KNN,8,BLCA,0,0,0.5
307,IMPRES,KNN,9,BLCA,0,0,0.25
308,IMPRES,KNN,10,BLCA,0,0,0.5
309,IMPRES,KNN,11,BLCA,0,0,0.5
310,IMPRES,KNN,12,BLCA,0,0,0.0
311,IMPRES,KNN,13,BLCA,0,0,0.0
312,IMPRES,KNN,14,BLCA,0,0,0.0
313,IMPRES,KNN,15,BLCA,0,0,0.5
314,IMPRES,KNN,16,BLCA,0,0,0.5
315,IMPRES,KNN,17,BLCA,0,0,0.25
316,IMPRES,KNN,18,BLCA,1,0,0.0
317,IMPRES,KNN,19,BLCA,1,0,0.125
318,IMPRES,KNN,20,BLCA,0,0,0.25
319,IMPRES,KNN,21,BLCA,0,0,0.25
320,IMPRES,KNN,22,BLCA,0,0,0.5
321,IMPRES,KNN,23,BLCA,0,0,0.25
322,IMPRES,KNN,24,BLCA,0,0,0.5
323,IMPRES,KNN,25,BLCA,0,0,0.5
324,IMPRES,KNN,26,BLCA,0,0,0.5
325,IMPRES,KNN,27,BLCA,0,0,0.5
326,IMPRES,KNN,28,BLCA,0,0,0.5
327,IMPRES,KNN,29,BLCA,0,0,0.5
328,IMPRES,KNN,30,BLCA,0,0,0.0
329,IMPRES,KNN,31,BLCA,1,0,0.0
330,IMPRES,KNN,32,BLCA,0,0,0.0
331,IMPRES,KNN,33,BLCA,0,0,0.0
332,IMPRES,KNN,34,BLCA,0,0,0.25
333,IMPRES,KNN,35,BLCA,0,0,0.25
334,IMPRES,KNN,36,BLCA,0,0,0.0
335,IMPRES,KNN,37,BLCA,1,0,0.0
336,IMPRES,KNN,38,BLCA,0,0,0.0
337,IMPRES,KNN,39,BLCA,0,0,0.2
338,IMPRES,KNN,40,BLCA,1,0,0.5
339,IMPRES,KNN,41,BLCA,0,0,0.0
340,IMPRES,KNN,42,BLCA,0,0,0.5
341,IMPRES,KNN,43,BLCA,0,0,0.0
342,IMPRES,KNN,44,BLCA,1,0,0.25
343,IMPRES,KNN,45,BLCA,1,0,0.25
344,IMPRES,KNN,46,BLCA,0,0,0.25
345,IMPRES,KNN,47,BLCA,0,0,0.5
346,IMPRES,KNN,48,BLCA,1,0,0.0
347,IMPRES,KNN,49,BLCA,0,0,0.0
348,IMPRES,KNN,50,BLCA,0,0,0.5
349,IMPRES,KNN,51,BLCA,0,0,0.5
350,IMPRES,KNN,52,BLCA,0,0,0.16666666666666666
351,IMPRES,KNN,53,BLCA,0,0,0.3333333333333333
352,IMPRES,KNN,54,BLCA,0,0,0.5
353,IMPRES,KNN,55,BLCA,0,0,0.5
354,IMPRES,KNN,56,BLCA,0,0,0.5
355,IMPRES,KNN,57,BLCA,0,0,0.5
356,IMPRES,KNN,58,BLCA,1,0,0.0
357,IMPRES,KNN,59,BLCA,1,0,0.0
358,IMPRES,KNN,60,BLCA,0,0,0.25
359,IMPRES,KNN,61,BLCA,1,0,0.25
360,IMPRES,KNN,62,BLCA,0,0,0.25
361,IMPRES,KNN,63,BLCA,1,0,0.3333333333333333
362,IMPRES,KNN,64,BLCA,0,0,0.5
363,IMPRES,KNN,65,BLCA,0,0,0.25
364,IMPRES,KNN,66,BLCA,0,0,0.25
365,IMPRES,KNN,67,BLCA,0,0,0.25
366,IMPRES,KNN,68,BLCA,0,0,0.16666666666666666
367,IMPRES,KNN,69,BLCA,0,0,0.16666666666666666
368,IMPRES,KNN,70,BLCA,0,0,0.5
369,IMPRES,KNN,71,BLCA,0,0,0.16666666666666666
370,IMPRES,KNN,72,BLCA,0,0,0.25
371,IMPRES,KNN,73,BLCA,0,0,0.5
372,IMPRES,KNN,74,BLCA,1,0,0.3333333333333333
373,IMPRES,KNN,75,BLCA,0,0,0.3333333333333333
374,IMPRES,KNN,76,BLCA,1,0,0.5
375,IMPRES,KNN,77,BLCA,0,0,0.5
376,IMPRES,KNN,78,BLCA,0,0,0.25
377,IMPRES,KNN,79,BLCA,0,0,0.3333333333333333
378,IMPRES,KNN,80,BLCA,0,0,0.25
379,IMPRES,KNN,81,BLCA,0,0,0.25
380,IMPRES,KNN,82,BLCA,0,0,0.3333333333333333
381,IMPRES,KNN,83,BLCA,0,0,0.25
382,IMPRES,KNN,84,BLCA,0,0,0.3333333333333333
383,IMPRES,KNN,85,BLCA,0,0,0.25
384,IMPRES,KNN,86,BLCA,0,0,0.25
385,IMPRES,KNN,87,BLCA,0,0,0.5
386,IMPRES,KNN,88,BLCA,0,0,0.25
387,IMPRES,KNN,89,BLCA,1,0,0.16666666666666666
388,IMPRES,KNN,90,BLCA,0,0,0.25
389,IMPRES,KNN,91,BLCA,0,0,0.16666666666666666
390,IMPRES,KNN,92,BLCA,0,0,0.5
391,IMPRES,KNN,93,BLCA,1,0,0.5
392,IMPRES,KNN,94,BLCA,0,0,0.25
393,IMPRES,KNN,95,BLCA,0,0,0.25
394,IMPRES,KNN,96,BLCA,0,0,0.25
395,IMPRES,KNN,97,BLCA,1,0,0.5
396,IMPRES,KNN,98,BLCA,0,0,0.25
397,IMPRES,KNN,99,BLCA,0,0,0.5
398,IMPRES,KNN,100,BLCA,1,0,0.5
399,IMPRES,KNN,101,BLCA,1,0,0.25
400,IMPRES,KNN,102,BLCA,1,0,0.25
401,IMPRES,KNN,103,BLCA,0,0,0.25
402,IMPRES,KNN,104,BLCA,0,0,0.25
403,IMPRES,KNN,105,BLCA,0,0,0.25
404,IMPRES,KNN,106,BLCA,0,0,0.25
405,IMPRES,KNN,107,BLCA,0,0,0.25
406,IMPRES,KNN,108,BLCA,0,0,0.25
407,IMPRES,KNN,109,BLCA,0,0,0.25
408,IMPRES,KNN,110,BLCA,0,0,0.25
409,IMPRES,KNN,111,BLCA,0,0,0.25
410,IMPRES,KNN,112,BLCA,0,0,0.25
411,IMPRES,KNN,113,BLCA,0,0,0.5
412,IMPRES,KNN,114,BLCA,1,0,0.5
413,IMPRES,KNN,115,BLCA,1,0,0.5
414,IMPRES,KNN,116,BLCA,0,0,0.25
415,IMPRES,KNN,117,BLCA,0,0,0.25
416,IMPRES,KNN,118,BLCA,0,0,0.25
417,IMPRES,KNN,119,BLCA,0,0,0.5
418,IMPRES,KNN,120,BLCA,0,0,0.375
419,IMPRES,KNN,121,BLCA,0,0,0.5
420,IMPRES,KNN,122,BLCA,0,0,0.3333333333333333
421,IMPRES,KNN,123,BLCA,1,0,0.0
422,IMPRES,KNN,124,BLCA,0,0,0.375
423,IMPRES,KNN,125,BLCA,0,0,0.3333333333333333
424,IMPRES,KNN,126,BLCA,0,0,0.375
425,IMPRES,KNN,127,BLCA,1,0,0.0
426,IMPRES,KNN,128,BLCA,0,0,0.5
427,IMPRES,KNN,129,BLCA,1,0,0.16666666666666666
428,IMPRES,KNN,130,BLCA,0,0,0.25
429,IMPRES,KNN,131,BLCA,0,0,0.25
430,IMPRES,KNN,132,BLCA,0,0,0.3333333333333333
431,IMPRES,KNN,133,BLCA,1,0,0.5
432,IMPRES,KNN,134,BLCA,1,0,0.16666666666666666
433,IMPRES,KNN,135,BLCA,0,0,0.25
434,IMPRES,KNN,136,BLCA,0,0,0.3333333333333333
435,IMPRES,KNN,137,BLCA,1,0,0.5
436,IMPRES,KNN,138,BLCA,1,0,0.5
437,IMPRES,KNN,139,BLCA,0,0,0.3333333333333333
438,IMPRES,KNN,140,BLCA,0,0,0.25
439,IMPRES,KNN,141,BLCA,0,0,0.25
440,IMPRES,KNN,142,BLCA,0,0,0.25
441,IMPRES,KNN,143,BLCA,0,0,0.25
442,IMPRES,KNN,144,BLCA,1,0,0.5
443,IMPRES,KNN,145,BLCA,0,0,0.5
444,IMPRES,KNN,146,BLCA,0,0,0.3333333333333333
445,IMPRES,KNN,147,BLCA,0,0,0.3333333333333333
446,IMPRES,KNN,148,BLCA,1,0,0.16666666666666666
447,IMPRES,KNN,149,BLCA,0,0,0.3333333333333333
448,IMPRES,KNN,150,BLCA,0,0,0.16666666666666666
449,IMPRES,KNN,151,BLCA,0,0,0.0
450,IMPRES,KNN,152,BLCA,1,0,0.25
451,IMPRES,KNN,153,BLCA,0,0,0.3333333333333333
452,IMPRES,KNN,154,BLCA,0,0,0.3333333333333333
453,IMPRES,KNN,155,BLCA,0,0,0.16666666666666666
454,IMPRES,KNN,156,BLCA,0,0,0.25
455,IMPRES,KNN,157,BLCA,0,0,0.16666666666666666
456,IMPRES,KNN,158,BLCA,0,0,0.0
457,IMPRES,KNN,159,BLCA,1,0,0.25
458,IMPRES,KNN,160,BLCA,0,0,0.16666666666666666
459,IMPRES,KNN,161,BLCA,0,0,0.0
460,IMPRES,KNN,162,BLCA,1,0,0.0
461,IMPRES,KNN,163,BLCA,1,0,0.0
462,IMPRES,KNN,164,BLCA,0,0,0.3333333333333333
463,IMPRES,KNN,165,BLCA,0,0,0.16666666666666666
464,IMPRES,KNN,166,BLCA,0,0,0.0
465,IMPRES,KNN,167,BLCA,0,0,0.16666666666666666
466,IMPRES,KNN,168,BLCA,1,0,0.0
467,IMPRES,KNN,169,BLCA,0,0,0.3333333333333333
468,IMPRES,KNN,170,BLCA,0,0,0.16666666666666666
469,IMPRES,KNN,171,BLCA,0,0,0.3333333333333333
470,IMPRES,KNN,172,BLCA,0,0,0.16666666666666666
471,IMPRES,KNN,173,BLCA,0,0,0.16666666666666666
472,IMPRES,KNN,174,BLCA,0,0,0.375
473,IMPRES,KNN,175,BLCA,0,0,0.16666666666666666
474,IMPRES,KNN,176,BLCA,0,1,1.0
475,IMPRES,KNN,177,BLCA,0,0,0.16666666666666666
476,IMPRES,KNN,178,BLCA,1,0,0.0
477,IMPRES,KNN,179,BLCA,0,0,0.3333333333333333
478,IMPRES,KNN,180,BLCA,0,0,0.3333333333333333
479,IMPRES,KNN,181,BLCA,0,0,0.5
480,IMPRES,KNN,182,BLCA,0,0,0.3333333333333333
481,IMPRES,KNN,183,BLCA,0,0,0.25
482,IMPRES,KNN,184,BLCA,0,0,0.25
483,IMPRES,KNN,185,BLCA,0,0,0.3333333333333333
484,IMPRES,KNN,186,BLCA,0,0,0.16666666666666666
485,IMPRES,KNN,187,BLCA,0,0,0.3333333333333333
486,IMPRES,KNN,188,BLCA,0,0,0.3333333333333333
487,IMPRES,KNN,189,BLCA,0,0,0.3333333333333333
488,IMPRES,KNN,190,BLCA,0,0,0.3333333333333333
489,IMPRES,KNN,191,BLCA,1,0,0.25
490,IMPRES,KNN,192,BLCA,0,0,0.25
491,IMPRES,KNN,193,BLCA,0,0,0.25
492,IMPRES,KNN,194,BLCA,0,0,0.25
493,IMPRES,KNN,195,BLCA,0,0,0.0
494,IMPRES,KNN,196,BLCA,1,0,0.25
495,IMPRES,KNN,197,BLCA,0,0,0.25
496,IMPRES,KNN,198,BLCA,0,0,0.0
497,IMPRES,KNN,199,BLCA,0,0,0.25
498,IMPRES,KNN,200,BLCA,0,0,0.0
499,IMPRES,KNN,201,BLCA,0,0,0.0
500,IMPRES,KNN,202,BLCA,0,0,0.25
501,IMPRES,KNN,203,BLCA,1,0,0.0
502,IMPRES,KNN,204,BLCA,0,0,0.25
503,IMPRES,KNN,205,BLCA,0,0,0.0
504,IMPRES,KNN,206,BLCA,0,0,0.5
505,IMPRES,KNN,207,BLCA,1,0,0.25
506,IMPRES,KNN,208,BLCA,0,0,0.0
507,IMPRES,KNN,209,BLCA,0,0,0.25
508,IMPRES,KNN,210,BLCA,1,0,0.25
509,IMPRES,KNN,211,BLCA,1,0,0.0
510,IMPRES,KNN,212,BLCA,1,0,0.0
511,IMPRES,KNN,213,BLCA,1,0,0.3333333333333333
512,IMPRES,KNN,214,BLCA,0,0,0.25
513,IMPRES,KNN,215,BLCA,0,0,0.0
514,IMPRES,KNN,216,BLCA,0,0,0.25
515,IMPRES,KNN,217,BLCA,0,0,0.25
516,IMPRES,KNN,218,BLCA,0,0,0.0
517,IMPRES,KNN,219,BLCA,0,0,0.25
518,IMPRES,KNN,220,BLCA,0,0,0.25
519,IMPRES,KNN,221,BLCA,0,0,0.25
520,IMPRES,KNN,222,BLCA,0,0,0.5
521,IMPRES,KNN,223,BLCA,0,0,0.0
522,IMPRES,KNN,224,BLCA,0,0,0.25
523,IMPRES,KNN,225,BLCA,1,0,0.5
524,IMPRES,KNN,226,BLCA,0,0,0.25
525,IMPRES,KNN,227,BLCA,0,0,0.5
526,IMPRES,KNN,228,BLCA,0,0,0.5
527,IMPRES,KNN,229,BLCA,0,0,0.0
528,IMPRES,KNN,230,BLCA,1,0,0.5
529,IMPRES,KNN,231,BLCA,1,0,0.5
530,IMPRES,KNN,232,BLCA,1,0,0.0
531,IMPRES,KNN,233,BLCA,0,0,0.0
532,IMPRES,KNN,234,BLCA,0,0,0.5
533,IMPRES,KNN,235,BLCA,0,0,0.25
534,IMPRES,KNN,236,BLCA,1,0,0.25
535,IMPRES,KNN,237,BLCA,0,0,0.0
536,IMPRES,KNN,238,BLCA,0,0,0.3333333333333333
537,IMPRES,KNN,239,BLCA,0,0,0.3333333333333333
538,IMPRES,KNN,240,BLCA,1,0,0.0
539,IMPRES,KNN,241,BLCA,0,0,0.0
540,IMPRES,KNN,242,BLCA,0,0,0.0
541,IMPRES,KNN,243,BLCA,1,0,0.0
542,IMPRES,KNN,244,BLCA,0,0,0.0
543,IMPRES,KNN,245,BLCA,0,0,0.3333333333333333
544,IMPRES,KNN,246,BLCA,0,0,0.5
545,IMPRES,KNN,247,BLCA,0,0,0.0
546,IMPRES,KNN,248,BLCA,1,0,0.3333333333333333
547,IMPRES,KNN,249,BLCA,1,0,0.3333333333333333
548,IMPRES,KNN,250,BLCA,1,0,0.3333333333333333
549,IMPRES,KNN,251,BLCA,1,0,0.16666666666666666
550,IMPRES,KNN,252,BLCA,0,0,0.16666666666666666
551,IMPRES,KNN,253,BLCA,0,0,0.0
552,IMPRES,KNN,254,BLCA,0,0,0.0
553,IMPRES,KNN,255,BLCA,1,0,0.5
554,IMPRES,KNN,256,BLCA,0,0,0.3333333333333333
555,IMPRES,KNN,257,BLCA,0,0,0.3333333333333333
556,IMPRES,KNN,258,BLCA,0,0,0.3333333333333333
557,IMPRES,KNN,259,BLCA,0,0,0.3333333333333333
558,IMPRES,KNN,260,BLCA,0,0,0.0
559,IMPRES,KNN,261,BLCA,0,0,0.3333333333333333
560,IMPRES,KNN,262,BLCA,0,0,0.0
561,IMPRES,KNN,263,BLCA,0,0,0.0
562,IMPRES,KNN,264,BLCA,0,0,0.5
563,IMPRES,KNN,265,BLCA,0,0,0.5
564,IMPRES,KNN,266,BLCA,0,0,0.0
565,IMPRES,KNN,267,BLCA,1,0,0.5
566,IMPRES,KNN,268,BLCA,0,0,0.5
567,IMPRES,KNN,269,BLCA,0,0,0.5
568,IMPRES,KNN,270,BLCA,0,0,0.5
569,IMPRES,KNN,271,BLCA,1,0,0.5
570,IMPRES,KNN,272,BLCA,0,0,0.5
571,IMPRES,KNN,273,BLCA,0,0,0.5
572,IMPRES,KNN,274,BLCA,1,0,0.0
573,IMPRES,KNN,275,BLCA,0,0,0.5
574,IMPRES,KNN,276,BLCA,0,0,0.5
575,IMPRES,KNN,277,BLCA,0,0,0.0
576,IMPRES,KNN,278,BLCA,0,0,0.0
577,IMPRES,KNN,279,BLCA,0,0,0.0
578,IMPRES,KNN,280,BLCA,0,0,0.0
579,IMPRES,KNN,281,BLCA,0,0,0.0
580,IMPRES,KNN,282,BLCA,1,0,0.5
581,IMPRES,KNN,283,BLCA,0,0,0.0
582,IMPRES,KNN,284,BLCA,0,0,0.3333333333333333
583,IMPRES,KNN,285,BLCA,0,0,0.0
584,IMPRES,KNN,286,BLCA,0,0,0.5
585,IMPRES,KNN,287,BLCA,0,0,0.0
586,IMPRES,KNN,288,BLCA,0,0,0.5
587,IMPRES,KNN,289,BLCA,1,0,0.0
588,IMPRES,KNN,290,BLCA,0,0,0.0
589,IMPRES,KNN,291,BLCA,0,0,0.0
590,IMPRES,KNN,292,BLCA,0,0,0.3333333333333333
591,IMPRES,KNN,293,BLCA,0,0,0.5
592,IMPRES,KNN,294,BLCA,1,0,0.5
593,IMPRES,KNN,295,BLCA,0,0,0.0
594,IMPRES,KNN,296,BLCA,0,0,0.0
595,IMPRES,KNN,297,BLCA,1,0,0.5
596,Miracle,LR,0,BLCA,0,0,0.49877051264996597
597,Miracle,LR,1,BLCA,0,0,0.4564053563232295
598,Miracle,LR,2,BLCA,0,1,0.5429190505026282
599,Miracle,LR,3,BLCA,0,1,0.5728440879343012
600,Miracle,LR,4,BLCA,1,1,0.5272006530821518
601,Miracle,LR,5,BLCA,1,0,0.4534768941412783
602,Miracle,LR,6,BLCA,1,0,0.49890913063214587
603,Miracle,LR,7,BLCA,1,0,0.4676759555680656
604,Miracle,LR,8,BLCA,0,0,0.4840756243837026
605,Miracle,LR,9,BLCA,0,0,0.4697698525222188
606,Miracle,LR,10,BLCA,0,0,0.49140730985140496
607,Miracle,LR,11,BLCA,0,0,0.4884391478021009
608,Miracle,LR,12,BLCA,0,0,0.4583980845535166
609,Miracle,LR,13,BLCA,0,0,0.47290099431538185
610,Miracle,LR,14,BLCA,0,0,0.4762750895735482
611,Miracle,LR,15,BLCA,0,0,0.48275437587311987
612,Miracle,LR,16,BLCA,0,0,0.4954124721670531
613,Miracle,LR,17,BLCA,0,0,0.4908088385667934
614,Miracle,LR,18,BLCA,1,1,0.5228983212549136
615,Miracle,LR,19,BLCA,1,0,0.48504550178161876
616,Miracle,LR,20,BLCA,0,0,0.49297814009680896
617,Miracle,LR,21,BLCA,0,0,0.4929285741632019
618,Miracle,LR,22,BLCA,0,1,0.5245261954168385
619,Miracle,LR,23,BLCA,0,0,0.4840612344824691
620,Miracle,LR,24,BLCA,0,1,0.5288538126978642
621,Miracle,LR,25,BLCA,0,1,0.5147521488514211
622,Miracle,LR,26,BLCA,0,1,0.5132654241882709
623,Miracle,LR,27,BLCA,0,0,0.48460768717580033
624,Miracle,LR,28,BLCA,0,0,0.4700411552725536
625,Miracle,LR,29,BLCA,0,1,0.5073532234086485
626,Miracle,LR,30,BLCA,0,0,0.47559436437948904
627,Miracle,LR,31,BLCA,1,0,0.4956166871463502
628,Miracle,LR,32,BLCA,0,0,0.4778274621690542
629,Miracle,LR,33,BLCA,0,1,0.5025791669881564
630,Miracle,LR,34,BLCA,0,0,0.47403009112514394
631,Miracle,LR,35,BLCA,0,0,0.49075267120489807
632,Miracle,LR,36,BLCA,0,1,0.5046389962237625
633,Miracle,LR,37,BLCA,1,0,0.4951400720176313
634,Miracle,LR,38,BLCA,0,0,0.4750859524899922
635,Miracle,LR,39,BLCA,0,1,0.5372576525363556
636,Miracle,LR,40,BLCA,1,1,0.5340675338948316
637,Miracle,LR,41,BLCA,0,1,0.5047392638848059
638,Miracle,LR,42,BLCA,0,0,0.4909455236635613
639,Miracle,LR,43,BLCA,0,0,0.4969314212352772
640,Miracle,LR,44,BLCA,1,0,0.4494098882279204
641,Miracle,LR,45,BLCA,1,0,0.4990805331922181
642,Miracle,LR,46,BLCA,0,0,0.4770896677499862
643,Miracle,LR,47,BLCA,0,0,0.4805354953059035
644,Miracle,LR,48,BLCA,1,1,0.5106842163999137
645,Miracle,LR,49,BLCA,0,1,0.5232395794536318
646,Miracle,LR,50,BLCA,0,0,0.48174592698986785
647,Miracle,LR,51,BLCA,0,0,0.4919887770329973
648,Miracle,LR,52,BLCA,0,1,0.5035183420877938
649,Miracle,LR,53,BLCA,0,0,0.4819377682585094
650,Miracle,LR,54,BLCA,0,0,0.48853529055891376
651,Miracle,LR,55,BLCA,0,0,0.4791654962705867
652,Miracle,LR,56,BLCA,0,1,0.5171847742097085
653,Miracle,LR,57,BLCA,0,0,0.4895962188558455
654,Miracle,LR,58,BLCA,1,1,0.5312978697266884
655,Miracle,LR,59,BLCA,1,1,0.5305646992377107
656,Miracle,LR,60,BLCA,0,0,0.4882029499253204
657,Miracle,LR,61,BLCA,1,0,0.488581682541715
658,Miracle,LR,62,BLCA,0,0,0.49730792512189564
659,Miracle,LR,63,BLCA,1,1,0.5282768166311766
660,Miracle,LR,64,BLCA,0,1,0.5077305590903719
661,Miracle,LR,65,BLCA,0,1,0.5644428107295207
662,Miracle,LR,66,BLCA,0,1,0.5443045391630532
663,Miracle,LR,67,BLCA,0,1,0.5049773849935919
664,Miracle,LR,68,BLCA,0,1,0.501376282026213
665,Miracle,LR,69,BLCA,0,0,0.4978766938911834
666,Miracle,LR,70,BLCA,0,0,0.4964548152726425
667,Miracle,LR,71,BLCA,0,0,0.4875615512867226
668,Miracle,LR,72,BLCA,0,1,0.5134903942217061
669,Miracle,LR,73,BLCA,0,1,0.5678112832717186
670,Miracle,LR,74,BLCA,1,1,0.5084784671817082
671,Miracle,LR,75,BLCA,0,1,0.5051545678455013
672,Miracle,LR,76,BLCA,1,1,0.5140655565046844
673,Miracle,LR,77,BLCA,0,0,0.47807316071322425
674,Miracle,LR,78,BLCA,0,0,0.4754575101347425
675,Miracle,LR,79,BLCA,0,0,0.489934883883445
676,Miracle,LR,80,BLCA,0,1,0.5026890753928597
677,Miracle,LR,81,BLCA,0,0,0.4910006073004586
678,Miracle,LR,82,BLCA,0,1,0.5120721890322336
679,Miracle,LR,83,BLCA,0,0,0.475526865142887
680,Miracle,LR,84,BLCA,0,1,0.5348768133239771
681,Miracle,LR,85,BLCA,0,0,0.46801569950951466
682,Miracle,LR,86,BLCA,0,0,0.490347009417189
683,Miracle,LR,87,BLCA,0,1,0.5112047341635029
684,Miracle,LR,88,BLCA,0,0,0.4895269134714461
685,Miracle,LR,89,BLCA,1,1,0.5021695254333717
686,Miracle,LR,90,BLCA,0,0,0.4889766396350089
687,Miracle,LR,91,BLCA,0,1,0.5055715424427099
688,Miracle,LR,92,BLCA,0,1,0.599514507202375
689,Miracle,LR,93,BLCA,1,0,0.4756758933533441
690,Miracle,LR,94,BLCA,0,0,0.44681132133771423
691,Miracle,LR,95,BLCA,0,1,0.5319660218815175
692,Miracle,LR,96,BLCA,0,0,0.48937743107406156
693,Miracle,LR,97,BLCA,1,1,0.5500879584964015
694,Miracle,LR,98,BLCA,0,1,0.504690845964942
695,Miracle,LR,99,BLCA,0,0,0.47012275026136524
696,Miracle,LR,100,BLCA,1,1,0.5020694111584962
697,Miracle,LR,101,BLCA,1,0,0.4943880594808069
698,Miracle,LR,102,BLCA,1,0,0.48707559245188164
699,Miracle,LR,103,BLCA,0,1,0.503558289711365
700,Miracle,LR,104,BLCA,0,0,0.4728562410164387
701,Miracle,LR,105,BLCA,0,0,0.49650276578534364
702,Miracle,LR,106,BLCA,0,0,0.48488092137130795
703,Miracle,LR,107,BLCA,0,0,0.4564793910518477
704,Miracle,LR,108,BLCA,0,0,0.4697110135658553
705,Miracle,LR,109,BLCA,0,0,0.49214092375071894
706,Miracle,LR,110,BLCA,0,0,0.48775336090530924
707,Miracle,LR,111,BLCA,0,0,0.4739876624706041
708,Miracle,LR,112,BLCA,0,1,0.5138675455321935
709,Miracle,LR,113,BLCA,0,1,0.5197650473878485
710,Miracle,LR,114,BLCA,1,1,0.5324927980988141
711,Miracle,LR,115,BLCA,1,0,0.46970124529163415
712,Miracle,LR,116,BLCA,0,1,0.5291037354138444
713,Miracle,LR,117,BLCA,0,1,0.5146229993331527
714,Miracle,LR,118,BLCA,0,1,0.5010536822313922
715,Miracle,LR,119,BLCA,0,1,0.5222712386750639
716,Miracle,LR,120,BLCA,0,0,0.4821535427567218
717,Miracle,LR,121,BLCA,0,0,0.48045759351810013
718,Miracle,LR,122,BLCA,0,1,0.5027306878070773
719,Miracle,LR,123,BLCA,1,1,0.51226985959334
720,Miracle,LR,124,BLCA,0,0,0.4404713219636471
721,Miracle,LR,125,BLCA,0,0,0.48683161349462684
722,Miracle,LR,126,BLCA,0,0,0.48009960180029665
723,Miracle,LR,127,BLCA,1,0,0.47666129186359607
724,Miracle,LR,128,BLCA,0,1,0.5066131153044449
725,Miracle,LR,129,BLCA,1,0,0.47014840711110123
726,Miracle,LR,130,BLCA,0,1,0.5150411028900587
727,Miracle,LR,131,BLCA,0,0,0.4867563321148346
728,Miracle,LR,132,BLCA,0,1,0.5039264823174748
729,Miracle,LR,133,BLCA,1,1,0.5014605739510023
730,Miracle,LR,134,BLCA,1,0,0.48983832376135783
731,Miracle,LR,135,BLCA,0,0,0.46985123439621057
732,Miracle,LR,136,BLCA,0,1,0.5061468167588553
733,Miracle,LR,137,BLCA,1,1,0.5552205210770497
734,Miracle,LR,138,BLCA,1,1,0.5071592632510288
735,Miracle,LR,139,BLCA,0,1,0.5004859315765464
736,Miracle,LR,140,BLCA,0,0,0.4961216445865724
737,Miracle,LR,141,BLCA,0,0,0.4854296609926179
738,Miracle,LR,142,BLCA,0,1,0.5302558787641826
739,Miracle,LR,143,BLCA,0,1,0.5024407224543384
740,Miracle,LR,144,BLCA,1,0,0.4954060182987225
741,Miracle,LR,145,BLCA,0,1,0.5297694161328548
742,Miracle,LR,146,BLCA,0,0,0.45963790716204705
743,Miracle,LR,147,BLCA,0,1,0.5226431798097294
744,Miracle,LR,148,BLCA,1,0,0.49828752720490016
745,Miracle,LR,149,BLCA,0,1,0.5341714006870292
746,Miracle,LR,150,BLCA,0,0,0.4990399341283695
747,Miracle,LR,151,BLCA,0,1,0.5139440130829709
748,Miracle,LR,152,BLCA,1,0,0.4980501057239507
749,Miracle,LR,153,BLCA,0,0,0.49945035548645234
750,Miracle,LR,154,BLCA,0,1,0.5208422887761377
751,Miracle,LR,155,BLCA,0,1,0.5142858087930807
752,Miracle,LR,156,BLCA,0,0,0.4974079424301509
753,Miracle,LR,157,BLCA,0,0,0.48753424222038105
754,Miracle,LR,158,BLCA,0,0,0.47155588424518463
755,Miracle,LR,159,BLCA,1,0,0.48957785674146087
756,Miracle,LR,160,BLCA,0,1,0.5089973953658541
757,Miracle,LR,161,BLCA,0,0,0.48914922548079426
758,Miracle,LR,162,BLCA,1,1,0.5220118616154954
759,Miracle,LR,163,BLCA,1,0,0.4855435107989702
760,Miracle,LR,164,BLCA,0,1,0.5168111901796425
761,Miracle,LR,165,BLCA,0,0,0.4801499868712461
762,Miracle,LR,166,BLCA,0,0,0.48205480450124233
763,Miracle,LR,167,BLCA,0,0,0.490981697545186
764,Miracle,LR,168,BLCA,1,0,0.48533369293987055
765,Miracle,LR,169,BLCA,0,1,0.5101845164547905
766,Miracle,LR,170,BLCA,0,0,0.4979706201995632
767,Miracle,LR,171,BLCA,0,0,0.48279295988548876
768,Miracle,LR,172,BLCA,0,1,0.5018564465906815
769,Miracle,LR,173,BLCA,0,0,0.48695112015478204
770,Miracle,LR,174,BLCA,0,1,0.5773751023377567
771,Miracle,LR,175,BLCA,0,0,0.47532762407310214
772,Miracle,LR,176,BLCA,0,0,0.4926397214362444
773,Miracle,LR,177,BLCA,0,0,0.4973318877735037
774,Miracle,LR,178,BLCA,1,1,0.5229251701670286
775,Miracle,LR,179,BLCA,0,1,0.5009725548383545
776,Miracle,LR,180,BLCA,0,1,0.5219043489562385
777,Miracle,LR,181,BLCA,0,0,0.4774007961595835
778,Miracle,LR,182,BLCA,0,1,0.5233699340537271
779,Miracle,LR,183,BLCA,0,0,0.4978795729162829
780,Miracle,LR,184,BLCA,0,0,0.48873076491232853
781,Miracle,LR,185,BLCA,0,1,0.5127354712406106
782,Miracle,LR,186,BLCA,0,0,0.4767902960612521
783,Miracle,LR,187,BLCA,0,1,0.5023456157146456
784,Miracle,LR,188,BLCA,0,1,0.5056165620261329
785,Miracle,LR,189,BLCA,0,1,0.5123545071436023
786,Miracle,LR,190,BLCA,0,0,0.49609428507005143
787,Miracle,LR,191,BLCA,1,0,0.4511332754391357
788,Miracle,LR,192,BLCA,0,0,0.45892048551176723
789,Miracle,LR,193,BLCA,0,1,0.5151788354935566
790,Miracle,LR,194,BLCA,0,1,0.5027892491872767
791,Miracle,LR,195,BLCA,0,0,0.49731072777153906
792,Miracle,LR,196,BLCA,1,0,0.49340534804699165
793,Miracle,LR,197,BLCA,0,1,0.5109664094768808
794,Miracle,LR,198,BLCA,0,1,0.5232074963644701
795,Miracle,LR,199,BLCA,0,0,0.4933830102159328
796,Miracle,LR,200,BLCA,0,0,0.49966817271177855
797,Miracle,LR,201,BLCA,0,1,0.5061867572690041
798,Miracle,LR,202,BLCA,0,1,0.5070520518031736
799,Miracle,LR,203,BLCA,1,1,0.5160600958016177
800,Miracle,LR,204,BLCA,0,1,0.5040904990485922
801,Miracle,LR,205,BLCA,0,0,0.49667297326437404
802,Miracle,LR,206,BLCA,0,1,0.5160966795459073
803,Miracle,LR,207,BLCA,1,1,0.5035629351585927
804,Miracle,LR,208,BLCA,0,1,0.5388191105108784
805,Miracle,LR,209,BLCA,0,1,0.6020608580749428
806,Miracle,LR,210,BLCA,1,0,0.47043588204687803
807,Miracle,LR,211,BLCA,1,0,0.4909349391430702
808,Miracle,LR,212,BLCA,1,0,0.4734365543713567
809,Miracle,LR,213,BLCA,1,1,0.5041913250206066
810,Miracle,LR,214,BLCA,0,1,0.5210042511339598
811,Miracle,LR,215,BLCA,0,0,0.49625161507766996
812,Miracle,LR,216,BLCA,0,0,0.4890185511713916
813,Miracle,LR,217,BLCA,0,0,0.4763613232547424
814,Miracle,LR,218,BLCA,0,0,0.48933077816770865
815,Miracle,LR,219,BLCA,0,0,0.4833719495141671
816,Miracle,LR,220,BLCA,0,0,0.47619471854813045
817,Miracle,LR,221,BLCA,0,0,0.4841841718001799
818,Miracle,LR,222,BLCA,0,1,0.5255154976906513
819,Miracle,LR,223,BLCA,0,1,0.5260620282313443
820,Miracle,LR,224,BLCA,0,0,0.49798656004016717
821,Miracle,LR,225,BLCA,1,1,0.5030353360088975
822,Miracle,LR,226,BLCA,0,0,0.48887403782208383
823,Miracle,LR,227,BLCA,0,0,0.46895307007353076
824,Miracle,LR,228,BLCA,0,0,0.4653878195230026
825,Miracle,LR,229,BLCA,0,0,0.49062679202540666
826,Miracle,LR,230,BLCA,1,1,0.5156297351455739
827,Miracle,LR,231,BLCA,1,1,0.5181236004845051
828,Miracle,LR,232,BLCA,1,0,0.49910047908008
829,Miracle,LR,233,BLCA,0,0,0.48244673163385327
830,Miracle,LR,234,BLCA,0,0,0.4968382900381899
831,Miracle,LR,235,BLCA,0,1,0.5012261910871368
832,Miracle,LR,236,BLCA,1,1,0.5181002428748555
833,Miracle,LR,237,BLCA,0,1,0.5218607312555198
834,Miracle,LR,238,BLCA,0,1,0.5432388865948165
835,Miracle,LR,239,BLCA,0,0,0.4964428645677625
836,Miracle,LR,240,BLCA,1,0,0.48346039232566423
837,Miracle,LR,241,BLCA,0,0,0.47445875453929925
838,Miracle,LR,242,BLCA,0,1,0.5207205573271947
839,Miracle,LR,243,BLCA,1,0,0.45488391326841643
840,Miracle,LR,244,BLCA,0,0,0.4978941549277528
841,Miracle,LR,245,BLCA,0,1,0.5071698808004783
842,Miracle,LR,246,BLCA,0,0,0.4706549411049219
843,Miracle,LR,247,BLCA,0,0,0.46778210495965294
844,Miracle,LR,248,BLCA,1,1,0.5093409936212949
845,Miracle,LR,249,BLCA,1,1,0.518112345928681
846,Miracle,LR,250,BLCA,1,1,0.5324702619390363
847,Miracle,LR,251,BLCA,1,0,0.4970368324800778
848,Miracle,LR,252,BLCA,0,1,0.5045307370779841
849,Miracle,LR,253,BLCA,0,0,0.4743768740707923
850,Miracle,LR,254,BLCA,0,1,0.5125871608923752
851,Miracle,LR,255,BLCA,1,1,0.5134439320517757
852,Miracle,LR,256,BLCA,0,0,0.4832399013022977
853,Miracle,LR,257,BLCA,0,0,0.47264756396468816
854,Miracle,LR,258,BLCA,0,0,0.4739976132217689
855,Miracle,LR,259,BLCA,0,0,0.46759353048742597
856,Miracle,LR,260,BLCA,0,0,0.48153666824850183
857,Miracle,LR,261,BLCA,0,0,0.4894904010716636
858,Miracle,LR,262,BLCA,0,1,0.50833961115041
859,Miracle,LR,263,BLCA,0,1,0.5176270213226971
860,Miracle,LR,264,BLCA,0,1,0.5098382930400401
861,Miracle,LR,265,BLCA,0,0,0.48877657799631313
862,Miracle,LR,266,BLCA,0,0,0.47147278029497885
863,Miracle,LR,267,BLCA,1,1,0.5068238479676647
864,Miracle,LR,268,BLCA,0,0,0.46701529826571575
865,Miracle,LR,269,BLCA,0,1,0.5263799323203313
866,Miracle,LR,270,BLCA,0,0,0.499521055694941
867,Miracle,LR,271,BLCA,1,0,0.4999320789626594
868,Miracle,LR,272,BLCA,0,1,0.5117808556211997
869,Miracle,LR,273,BLCA,0,1,0.5084126762141471
870,Miracle,LR,274,BLCA,1,0,0.4848324527278155
871,Miracle,LR,275,BLCA,0,0,0.47326989146178844
872,Miracle,LR,276,BLCA,0,1,0.5052583791880815
873,Miracle,LR,277,BLCA,0,1,0.5263491085593222
874,Miracle,LR,278,BLCA,0,0,0.49079444049973103
875,Miracle,LR,279,BLCA,0,1,0.5089145858714
876,Miracle,LR,280,BLCA,0,0,0.49054529067873903
877,Miracle,LR,281,BLCA,0,0,0.4767045509483964
878,Miracle,LR,282,BLCA,1,1,0.5425922639215562
879,Miracle,LR,283,BLCA,0,1,0.5001987386334816
880,Miracle,LR,284,BLCA,0,0,0.4807139988563013
881,Miracle,LR,285,BLCA,0,0,0.4912959107354049
882,Miracle,LR,286,BLCA,0,1,0.5455109871058729
883,Miracle,LR,287,BLCA,0,0,0.49194465695813955
884,Miracle,LR,288,BLCA,0,1,0.5182785329875848
885,Miracle,LR,289,BLCA,1,1,0.5273060166727825
886,Miracle,LR,290,BLCA,0,0,0.48395990506188485
887,Miracle,LR,291,BLCA,0,0,0.4994005759925474
888,Miracle,LR,292,BLCA,0,1,0.510311401686937
889,Miracle,LR,293,BLCA,0,0,0.4531709963509953
890,Miracle,LR,294,BLCA,1,1,0.5122596313753344
891,Miracle,LR,295,BLCA,0,0,0.46280547077134354
892,Miracle,LR,296,BLCA,0,0,0.4756877206620791
893,Miracle,LR,297,BLCA,1,0,0.4637671423470311
894,Miracle,KNN,0,BLCA,0,0,0.5
895,Miracle,KNN,1,BLCA,0,0,0.5
896,Miracle,KNN,2,BLCA,0,0,0.0
897,Miracle,KNN,3,BLCA,0,0,0.5
898,Miracle,KNN,4,BLCA,1,0,0.5
899,Miracle,KNN,5,BLCA,1,0,0.5
900,Miracle,KNN,6,BLCA,1,0,0.5
901,Miracle,KNN,7,BLCA,1,0,0.0
902,Miracle,KNN,8,BLCA,0,0,0.0
903,Miracle,KNN,9,BLCA,0,0,0.0
904,Miracle,KNN,10,BLCA,0,0,0.5
905,Miracle,KNN,11,BLCA,0,0,0.0
906,Miracle,KNN,12,BLCA,0,0,0.5
907,Miracle,KNN,13,BLCA,0,0,0.5
908,Miracle,KNN,14,BLCA,0,0,0.0
909,Miracle,KNN,15,BLCA,0,0,0.0
910,Miracle,KNN,16,BLCA,0,1,1.0
911,Miracle,KNN,17,BLCA,0,0,0.0
912,Miracle,KNN,18,BLCA,1,0,0.5
913,Miracle,KNN,19,BLCA,1,1,1.0
914,Miracle,KNN,20,BLCA,0,0,0.0
915,Miracle,KNN,21,BLCA,0,0,0.0
916,Miracle,KNN,22,BLCA,0,1,1.0
917,Miracle,KNN,23,BLCA,0,0,0.0
918,Miracle,KNN,24,BLCA,0,0,0.0
919,Miracle,KNN,25,BLCA,0,0,0.5
920,Miracle,KNN,26,BLCA,0,0,0.5
921,Miracle,KNN,27,BLCA,0,0,0.5
922,Miracle,KNN,28,BLCA,0,0,0.0
923,Miracle,KNN,29,BLCA,0,0,0.5
924,Miracle,KNN,30,BLCA,0,0,0.0
925,Miracle,KNN,31,BLCA,1,0,0.5
926,Miracle,KNN,32,BLCA,0,0,0.5
927,Miracle,KNN,33,BLCA,0,0,0.0
928,Miracle,KNN,34,BLCA,0,0,0.0
929,Miracle,KNN,35,BLCA,0,0,0.0
930,Miracle,KNN,36,BLCA,0,0,0.0
931,Miracle,KNN,37,BLCA,1,0,0.5
932,Miracle,KNN,38,BLCA,0,0,0.0
933,Miracle,KNN,39,BLCA,0,1,1.0
934,Miracle,KNN,40,BLCA,1,0,0.0
935,Miracle,KNN,41,BLCA,0,0,0.0
936,Miracle,KNN,42,BLCA,0,0,0.0
937,Miracle,KNN,43,BLCA,0,0,0.5
938,Miracle,KNN,44,BLCA,1,0,0.0
939,Miracle,KNN,45,BLCA,1,0,0.5
940,Miracle,KNN,46,BLCA,0,0,0.0
941,Miracle,KNN,47,BLCA,0,0,0.0
942,Miracle,KNN,48,BLCA,1,0,0.0
943,Miracle,KNN,49,BLCA,0,0,0.0
944,Miracle,KNN,50,BLCA,0,0,0.0
945,Miracle,KNN,51,BLCA,0,0,0.0
946,Miracle,KNN,52,BLCA,0,0,0.5
947,Miracle,KNN,53,BLCA,0,0,0.0
948,Miracle,KNN,54,BLCA,0,0,0.0
949,Miracle,KNN,55,BLCA,0,0,0.5
950,Miracle,KNN,56,BLCA,0,0,0.5
951,Miracle,KNN,57,BLCA,0,0,0.0
952,Miracle,KNN,58,BLCA,1,0,0.5
953,Miracle,KNN,59,BLCA,1,0,0.0
954,Miracle,KNN,60,BLCA,0,0,0.0
955,Miracle,KNN,61,BLCA,1,0,0.0
956,Miracle,KNN,62,BLCA,0,0,0.0
957,Miracle,KNN,63,BLCA,1,0,0.5
958,Miracle,KNN,64,BLCA,0,0,0.5
959,Miracle,KNN,65,BLCA,0,0,0.5
960,Miracle,KNN,66,BLCA,0,0,0.0
961,Miracle,KNN,67,BLCA,0,0,0.0
962,Miracle,KNN,68,BLCA,0,0,0.5
963,Miracle,KNN,69,BLCA,0,0,0.0
964,Miracle,KNN,70,BLCA,0,0,0.0
965,Miracle,KNN,71,BLCA,0,0,0.0
966,Miracle,KNN,72,BLCA,0,0,0.0
967,Miracle,KNN,73,BLCA,0,0,0.5
968,Miracle,KNN,74,BLCA,1,0,0.0
969,Miracle,KNN,75,BLCA,0,0,0.0
970,Miracle,KNN,76,BLCA,1,0,0.0
971,Miracle,KNN,77,BLCA,0,0,0.5
972,Miracle,KNN,78,BLCA,0,0,0.0
973,Miracle,KNN,79,BLCA,0,0,0.5
974,Miracle,KNN,80,BLCA,0,0,0.0
975,Miracle,KNN,81,BLCA,0,0,0.0
976,Miracle,KNN,82,BLCA,0,0,0.0
977,Miracle,KNN,83,BLCA,0,0,0.0
978,Miracle,KNN,84,BLCA,0,1,1.0
979,Miracle,KNN,85,BLCA,0,0,0.5
980,Miracle,KNN,86,BLCA,0,0,0.5
981,Miracle,KNN,87,BLCA,0,0,0.5
982,Miracle,KNN,88,BLCA,0,0,0.0
983,Miracle,KNN,89,BLCA,1,0,0.5
984,Miracle,KNN,90,BLCA,0,0,0.0
985,Miracle,KNN,91,BLCA,0,0,0.0
986,Miracle,KNN,92,BLCA,0,0,0.0
987,Miracle,KNN,93,BLCA,1,0,0.0
988,Miracle,KNN,94,BLCA,0,0,0.0
989,Miracle,KNN,95,BLCA,0,1,1.0
990,Miracle,KNN,96,BLCA,0,0,0.0
991,Miracle,KNN,97,BLCA,1,0,0.0
992,Miracle,KNN,98,BLCA,0,0,0.0
993,Miracle,KNN,99,BLCA,0,0,0.0
994,Miracle,KNN,100,BLCA,1,0,0.5
995,Miracle,KNN,101,BLCA,1,0,0.5
996,Miracle,KNN,102,BLCA,1,0,0.0
997,Miracle,KNN,103,BLCA,0,0,0.5
998,Miracle,KNN,104,BLCA,0,0,0.5
999,Miracle,KNN,105,BLCA,0,0,0.0
1000,Miracle,KNN,106,BLCA,0,0,0.5
1001,Miracle,KNN,107,BLCA,0,0,0.5
1002,Miracle,KNN,108,BLCA,0,0,0.0
1003,Miracle,KNN,109,BLCA,0,0,0.0
1004,Miracle,KNN,110,BLCA,0,0,0.5
1005,Miracle,KNN,111,BLCA,0,0,0.0
1006,Miracle,KNN,112,BLCA,0,0,0.5
1007,Miracle,KNN,113,BLCA,0,1,1.0
1008,Miracle,KNN,114,BLCA,1,0,0.5
1009,Miracle,KNN,115,BLCA,1,0,0.0
1010,Miracle,KNN,116,BLCA,0,0,0.0
1011,Miracle,KNN,117,BLCA,0,0,0.5
1012,Miracle,KNN,118,BLCA,0,0,0.0
1013,Miracle,KNN,119,BLCA,0,0,0.0
1014,Miracle,KNN,120,BLCA,0,0,0.0
1015,Miracle,KNN,121,BLCA,0,0,0.0
1016,Miracle,KNN,122,BLCA,0,0,0.0
1017,Miracle,KNN,123,BLCA,1,0,0.5
1018,Miracle,KNN,124,BLCA,0,0,0.0
1019,Miracle,KNN,125,BLCA,0,0,0.0
1020,Miracle,KNN,126,BLCA,0,0,0.0
1021,Miracle,KNN,127,BLCA,1,0,0.0
1022,Miracle,KNN,128,BLCA,0,0,0.5
1023,Miracle,KNN,129,BLCA,1,0,0.5
1024,Miracle,KNN,130,BLCA,0,0,0.5
1025,Miracle,KNN,131,BLCA,0,0,0.0
1026,Miracle,KNN,132,BLCA,0,0,0.5
1027,Miracle,KNN,133,BLCA,1,0,0.0
1028,Miracle,KNN,134,BLCA,1,0,0.0
1029,Miracle,KNN,135,BLCA,0,0,0.0
1030,Miracle,KNN,136,BLCA,0,0,0.0
1031,Miracle,KNN,137,BLCA,1,0,0.0
1032,Miracle,KNN,138,BLCA,1,0,0.0
1033,Miracle,KNN,139,BLCA,0,0,0.0
1034,Miracle,KNN,140,BLCA,0,0,0.0
1035,Miracle,KNN,141,BLCA,0,1,1.0
1036,Miracle,KNN,142,BLCA,0,1,1.0
1037,Miracle,KNN,143,BLCA,0,0,0.0
1038,Miracle,KNN,144,BLCA,1,0,0.5
1039,Miracle,KNN,145,BLCA,0,0,0.5
1040,Miracle,KNN,146,BLCA,0,0,0.5
1041,Miracle,KNN,147,BLCA,0,0,0.0
1042,Miracle,KNN,148,BLCA,1,0,0.5
1043,Miracle,KNN,149,BLCA,0,0,0.5
1044,Miracle,KNN,150,BLCA,0,1,1.0
1045,Miracle,KNN,151,BLCA,0,0,0.5
1046,Miracle,KNN,152,BLCA,1,0,0.0
1047,Miracle,KNN,153,BLCA,0,0,0.0
1048,Miracle,KNN,154,BLCA,0,0,0.0
1049,Miracle,KNN,155,BLCA,0,0,0.5
1050,Miracle,KNN,156,BLCA,0,0,0.0
1051,Miracle,KNN,157,BLCA,0,0,0.0
1052,Miracle,KNN,158,BLCA,0,0,0.5
1053,Miracle,KNN,159,BLCA,1,0,0.5
1054,Miracle,KNN,160,BLCA,0,0,0.5
1055,Miracle,KNN,161,BLCA,0,0,0.5
1056,Miracle,KNN,162,BLCA,1,0,0.0
1057,Miracle,KNN,163,BLCA,1,0,0.5
1058,Miracle,KNN,164,BLCA,0,1,1.0
1059,Miracle,KNN,165,BLCA,0,0,0.0
1060,Miracle,KNN,166,BLCA,0,0,0.0
1061,Miracle,KNN,167,BLCA,0,0,0.0
1062,Miracle,KNN,168,BLCA,1,1,1.0
1063,Miracle,KNN,169,BLCA,0,0,0.0
1064,Miracle,KNN,170,BLCA,0,0,0.0
1065,Miracle,KNN,171,BLCA,0,0,0.0
1066,Miracle,KNN,172,BLCA,0,1,1.0
1067,Miracle,KNN,173,BLCA,0,0,0.0
1068,Miracle,KNN,174,BLCA,0,0,0.5
1069,Miracle,KNN,175,BLCA,0,0,0.0
1070,Miracle,KNN,176,BLCA,0,0,0.0
1071,Miracle,KNN,177,BLCA,0,0,0.0
1072,Miracle,KNN,178,BLCA,1,0,0.5
1073,Miracle,KNN,179,BLCA,0,0,0.0
1074,Miracle,KNN,180,BLCA,0,0,0.0
1075,Miracle,KNN,181,BLCA,0,0,0.0
1076,Miracle,KNN,182,BLCA,0,0,0.0
1077,Miracle,KNN,183,BLCA,0,0,0.0
1078,Miracle,KNN,184,BLCA,0,0,0.0
1079,Miracle,KNN,185,BLCA,0,1,1.0
1080,Miracle,KNN,186,BLCA,0,0,0.0
1081,Miracle,KNN,187,BLCA,0,0,0.5
1082,Miracle,KNN,188,BLCA,0,0,0.0
1083,Miracle,KNN,189,BLCA,0,0,0.0
1084,Miracle,KNN,190,BLCA,0,0,0.0
1085,Miracle,KNN,191,BLCA,1,0,0.0
1086,Miracle,KNN,192,BLCA,0,0,0.5
1087,Miracle,KNN,193,BLCA,0,0,0.5
1088,Miracle,KNN,194,BLCA,0,0,0.0
1089,Miracle,KNN,195,BLCA,0,0,0.0
1090,Miracle,KNN,196,BLCA,1,0,0.0
1091,Miracle,KNN,197,BLCA,0,0,0.5
1092,Miracle,KNN,198,BLCA,0,0,0.0
1093,Miracle,KNN,199,BLCA,0,0,0.5
1094,Miracle,KNN,200,BLCA,0,0,0.0
1095,Miracle,KNN,201,BLCA,0,0,0.0
1096,Miracle,KNN,202,BLCA,0,0,0.5
1097,Miracle,KNN,203,BLCA,1,0,0.0
1098,Miracle,KNN,204,BLCA,0,0,0.5
1099,Miracle,KNN,205,BLCA,0,0,0.0
1100,Miracle,KNN,206,BLCA,0,0,0.5
1101,Miracle,KNN,207,BLCA,1,0,0.0
1102,Miracle,KNN,208,BLCA,0,0,0.5
1103,Miracle,KNN,209,BLCA,0,0,0.0
1104,Miracle,KNN,210,BLCA,1,0,0.5
1105,Miracle,KNN,211,BLCA,1,0,0.0
1106,Miracle,KNN,212,BLCA,1,0,0.0
1107,Miracle,KNN,213,BLCA,1,0,0.0
1108,Miracle,KNN,214,BLCA,0,0,0.0
1109,Miracle,KNN,215,BLCA,0,0,0.0
1110,Miracle,KNN,216,BLCA,0,0,0.0
1111,Miracle,KNN,217,BLCA,0,0,0.0
1112,Miracle,KNN,218,BLCA,0,0,0.0
1113,Miracle,KNN,219,BLCA,0,0,0.0
1114,Miracle,KNN,220,BLCA,0,0,0.0
1115,Miracle,KNN,221,BLCA,0,0,0.0
1116,Miracle,KNN,222,BLCA,0,0,0.5
1117,Miracle,KNN,223,BLCA,0,0,0.0
1118,Miracle,KNN,224,BLCA,0,0,0.0
1119,Miracle,KNN,225,BLCA,1,0,0.0
1120,Miracle,KNN,226,BLCA,0,0,0.0
1121,Miracle,KNN,227,BLCA,0,0,0.5
1122,Miracle,KNN,228,BLCA,0,0,0.0
1123,Miracle,KNN,229,BLCA,0,0,0.0
1124,Miracle,KNN,230,BLCA,1,0,0.0
1125,Miracle,KNN,231,BLCA,1,1,1.0
1126,Miracle,KNN,232,BLCA,1,0,0.5
1127,Miracle,KNN,233,BLCA,0,0,0.0
1128,Miracle,KNN,234,BLCA,0,0,0.0
1129,Miracle,KNN,235,BLCA,0,0,0.0
1130,Miracle,KNN,236,BLCA,1,1,1.0
1131,Miracle,KNN,237,BLCA,0,0,0.0
1132,Miracle,KNN,238,BLCA,0,0,0.0
1133,Miracle,KNN,239,BLCA,0,0,0.0
1134,Miracle,KNN,240,BLCA,1,0,0.0
1135,Miracle,KNN,241,BLCA,0,0,0.0
1136,Miracle,KNN,242,BLCA,0,0,0.0
1137,Miracle,KNN,243,BLCA,1,0,0.5
1138,Miracle,KNN,244,BLCA,0,0,0.0
1139,Miracle,KNN,245,BLCA,0,0,0.5
1140,Miracle,KNN,246,BLCA,0,0,0.0
1141,Miracle,KNN,247,BLCA,0,0,0.0
1142,Miracle,KNN,248,BLCA,1,0,0.0
1143,Miracle,KNN,249,BLCA,1,1,1.0
1144,Miracle,KNN,250,BLCA,1,0,0.5
1145,Miracle,KNN,251,BLCA,1,0,0.0
1146,Miracle,KNN,252,BLCA,0,0,0.0
1147,Miracle,KNN,253,BLCA,0,0,0.0
1148,Miracle,KNN,254,BLCA,0,0,0.5
1149,Miracle,KNN,255,BLCA,1,0,0.0
1150,Miracle,KNN,256,BLCA,0,0,0.0
1151,Miracle,KNN,257,BLCA,0,0,0.0
1152,Miracle,KNN,258,BLCA,0,0,0.0
1153,Miracle,KNN,259,BLCA,0,0,0.0
1154,Miracle,KNN,260,BLCA,0,0,0.0
1155,Miracle,KNN,261,BLCA,0,0,0.0
1156,Miracle,KNN,262,BLCA,0,0,0.5
1157,Miracle,KNN,263,BLCA,0,0,0.5
1158,Miracle,KNN,264,BLCA,0,0,0.5
1159,Miracle,KNN,265,BLCA,0,0,0.0
1160,Miracle,KNN,266,BLCA,0,0,0.5
1161,Miracle,KNN,267,BLCA,1,0,0.0
1162,Miracle,KNN,268,BLCA,0,0,0.0
1163,Miracle,KNN,269,BLCA,0,0,0.0
1164,Miracle,KNN,270,BLCA,0,0,0.0
1165,Miracle,KNN,271,BLCA,1,0,0.0
1166,Miracle,KNN,272,BLCA,0,0,0.0
1167,Miracle,KNN,273,BLCA,0,0,0.5
1168,Miracle,KNN,274,BLCA,1,0,0.5
1169,Miracle,KNN,275,BLCA,0,1,1.0
1170,Miracle,KNN,276,BLCA,0,0,0.0
1171,Miracle,KNN,277,BLCA,0,0,0.0
1172,Miracle,KNN,278,BLCA,0,0,0.0
1173,Miracle,KNN,279,BLCA,0,0,0.5
1174,Miracle,KNN,280,BLCA,0,0,0.0
1175,Miracle,KNN,281,BLCA,0,0,0.0
1176,Miracle,KNN,282,BLCA,1,0,0.0
1177,Miracle,KNN,283,BLCA,0,0,0.5
1178,Miracle,KNN,284,BLCA,0,0,0.0
1179,Miracle,KNN,285,BLCA,0,0,0.5
1180,Miracle,KNN,286,BLCA,0,0,0.0
1181,Miracle,KNN,287,BLCA,0,0,0.0
1182,Miracle,KNN,288,BLCA,0,0,0.5
1183,Miracle,KNN,289,BLCA,1,0,0.5
1184,Miracle,KNN,290,BLCA,0,0,0.0
1185,Miracle,KNN,291,BLCA,0,0,0.0
1186,Miracle,KNN,292,BLCA,0,0,0.0
1187,Miracle,KNN,293,BLCA,0,0,0.0
1188,Miracle,KNN,294,BLCA,1,0,0.5
1189,Miracle,KNN,295,BLCA,0,1,1.0
1190,Miracle,KNN,296,BLCA,0,0,0.0
1191,Miracle,KNN,297,BLCA,1,0,0.0
1192,TARGET,LR,0,BLCA,0,0,0.49019414805512135
1193,TARGET,LR,1,BLCA,0,0,0.48274743164423667
1194,TARGET,LR,2,BLCA,0,1,0.5490130414413088
1195,TARGET,LR,3,BLCA,0,1,0.5167477657042913
1196,TARGET,LR,4,BLCA,1,0,0.48665037973464986
1197,TARGET,LR,5,BLCA,1,0,0.4800582129858658
1198,TARGET,LR,6,BLCA,1,0,0.4944960502611037
1199,TARGET,LR,7,BLCA,1,1,0.5140029768648711
1200,TARGET,LR,8,BLCA,0,0,0.47382636949195633
1201,TARGET,LR,9,BLCA,0,0,0.4803597823263937
1202,TARGET,LR,10,BLCA,0,1,0.5031950048854331
1203,TARGET,LR,11,BLCA,0,1,0.5154189588594729
1204,TARGET,LR,12,BLCA,0,0,0.48097425119529613
1205,TARGET,LR,13,BLCA,0,1,0.5167431872005093
1206,TARGET,LR,14,BLCA,0,0,0.49561840781355343
1207,TARGET,LR,15,BLCA,0,0,0.48741293395513097
1208,TARGET,LR,16,BLCA,0,0,0.49239162173466344
1209,TARGET,LR,17,BLCA,0,0,0.4861805982821444
1210,TARGET,LR,18,BLCA,1,1,0.5113811815805273
1211,TARGET,LR,19,BLCA,1,0,0.49165295363383515
1212,TARGET,LR,20,BLCA,0,0,0.4966323134696788
1213,TARGET,LR,21,BLCA,0,0,0.4688133451607845
1214,TARGET,LR,22,BLCA,0,1,0.5287204536825224
1215,TARGET,LR,23,BLCA,0,0,0.4792711486304533
1216,TARGET,LR,24,BLCA,0,1,0.5246261531858535
1217,TARGET,LR,25,BLCA,0,1,0.509879804852889
1218,TARGET,LR,26,BLCA,0,1,0.5023007995468312
1219,TARGET,LR,27,BLCA,0,1,0.5018415783264016
1220,TARGET,LR,28,BLCA,0,1,0.5189253870969782
1221,TARGET,LR,29,BLCA,0,1,0.5043484188842164
1222,TARGET,LR,30,BLCA,0,0,0.49370569166436756
1223,TARGET,LR,31,BLCA,1,1,0.5024772486326801
1224,TARGET,LR,32,BLCA,0,0,0.4601981692146836
1225,TARGET,LR,33,BLCA,0,1,0.5196323530023319
1226,TARGET,LR,34,BLCA,0,0,0.49035982553791224
1227,TARGET,LR,35,BLCA,0,0,0.48939142587925827
1228,TARGET,LR,36,BLCA,0,0,0.4966875204679419
1229,TARGET,LR,37,BLCA,1,1,0.5245334902007207
1230,TARGET,LR,38,BLCA,0,0,0.49237392621705933
1231,TARGET,LR,39,BLCA,0,1,0.5050883545328605
1232,TARGET,LR,40,BLCA,1,1,0.5138473201706654
1233,TARGET,LR,41,BLCA,0,0,0.49452118755858904
1234,TARGET,LR,42,BLCA,0,0,0.4749369687964395
1235,TARGET,LR,43,BLCA,0,0,0.4835534768162213
1236,TARGET,LR,44,BLCA,1,0,0.4892799436461781
1237,TARGET,LR,45,BLCA,1,1,0.5000013694128559
1238,TARGET,LR,46,BLCA,0,0,0.48615555251048415
1239,TARGET,LR,47,BLCA,0,0,0.49508503849291313
1240,TARGET,LR,48,BLCA,1,0,0.4840998324171696
1241,TARGET,LR,49,BLCA,0,1,0.5249214037909555
1242,TARGET,LR,50,BLCA,0,0,0.49033741749172594
1243,TARGET,LR,51,BLCA,0,1,0.5526918085515253
1244,TARGET,LR,52,BLCA,0,1,0.506854635527398
1245,TARGET,LR,53,BLCA,0,0,0.49462935677273645
1246,TARGET,LR,54,BLCA,0,0,0.48095129168939593
1247,TARGET,LR,55,BLCA,0,0,0.46547372252430935
1248,TARGET,LR,56,BLCA,0,1,0.534468336233002
1249,TARGET,LR,57,BLCA,0,0,0.48813918292906655
1250,TARGET,LR,58,BLCA,1,1,0.5328438907902342
1251,TARGET,LR,59,BLCA,1,0,0.4915924671759165
1252,TARGET,LR,60,BLCA,0,0,0.49725803825610315
1253,TARGET,LR,61,BLCA,1,0,0.4890026639288784
1254,TARGET,LR,62,BLCA,0,1,0.5036558409059912
1255,TARGET,LR,63,BLCA,1,1,0.5152014796363961
1256,TARGET,LR,64,BLCA,0,0,0.48232379420290133
1257,TARGET,LR,65,BLCA,0,1,0.5200884697852886
1258,TARGET,LR,66,BLCA,0,0,0.4936512776016118
1259,TARGET,LR,67,BLCA,0,0,0.4881747511082033
1260,TARGET,LR,68,BLCA,0,1,0.5408269871746942
1261,TARGET,LR,69,BLCA,0,1,0.5257510704094642
1262,TARGET,LR,70,BLCA,0,0,0.4884821059313238
1263,TARGET,LR,71,BLCA,0,0,0.4908052599344802
1264,TARGET,LR,72,BLCA,0,0,0.4738141580048693
1265,TARGET,LR,73,BLCA,0,1,0.5167505065421345
1266,TARGET,LR,74,BLCA,1,1,0.5288019375590258
1267,TARGET,LR,75,BLCA,0,1,0.5014740383946534
1268,TARGET,LR,76,BLCA,1,1,0.5028978376618087
1269,TARGET,LR,77,BLCA,0,0,0.46990417491575975
1270,TARGET,LR,78,BLCA,0,0,0.48089560023913547
1271,TARGET,LR,79,BLCA,0,1,0.5268505600901052
1272,TARGET,LR,80,BLCA,0,0,0.4621603639275973
1273,TARGET,LR,81,BLCA,0,0,0.4862725894032252
1274,TARGET,LR,82,BLCA,0,1,0.5305533286167996
1275,TARGET,LR,83,BLCA,0,0,0.47078897228478506
1276,TARGET,LR,84,BLCA,0,1,0.5276747755723583
1277,TARGET,LR,85,BLCA,0,0,0.48970419830876677
1278,TARGET,LR,86,BLCA,0,0,0.478573395381093
1279,TARGET,LR,87,BLCA,0,1,0.507176981128072
1280,TARGET,LR,88,BLCA,0,0,0.49194064732553816
1281,TARGET,LR,89,BLCA,1,0,0.47956246530766683
1282,TARGET,LR,90,BLCA,0,0,0.4781258890922215
1283,TARGET,LR,91,BLCA,0,0,0.4930723194836571
1284,TARGET,LR,92,BLCA,0,1,0.5115562428543939
1285,TARGET,LR,93,BLCA,1,0,0.49873840815463527
1286,TARGET,LR,94,BLCA,0,0,0.4666231897802578
1287,TARGET,LR,95,BLCA,0,1,0.5372754400108414
1288,TARGET,LR,96,BLCA,0,0,0.49986153582405535
1289,TARGET,LR,97,BLCA,1,1,0.5239097468663491
1290,TARGET,LR,98,BLCA,0,1,0.5105247993404816
1291,TARGET,LR,99,BLCA,0,1,0.5112246623506522
1292,TARGET,LR,100,BLCA,1,1,0.5258718138474036
1293,TARGET,LR,101,BLCA,1,1,0.501443682281377
1294,TARGET,LR,102,BLCA,1,0,0.469145451052077
1295,TARGET,LR,103,BLCA,0,0,0.4942863233637529
1296,TARGET,LR,104,BLCA,0,1,0.5050539194954596
1297,TARGET,LR,105,BLCA,0,0,0.4751814702668179
1298,TARGET,LR,106,BLCA,0,0,0.4915892250167905
1299,TARGET,LR,107,BLCA,0,0,0.49219361549379376
1300,TARGET,LR,108,BLCA,0,0,0.4945538235855872
1301,TARGET,LR,109,BLCA,0,1,0.5017186027086032
1302,TARGET,LR,110,BLCA,0,0,0.47134693065577254
1303,TARGET,LR,111,BLCA,0,0,0.49253255381522615
1304,TARGET,LR,112,BLCA,0,0,0.4856494846009938
1305,TARGET,LR,113,BLCA,0,1,0.5136966303581675
1306,TARGET,LR,114,BLCA,1,1,0.5020370032343635
1307,TARGET,LR,115,BLCA,1,1,0.501252865964773
1308,TARGET,LR,116,BLCA,0,0,0.485783282238542
1309,TARGET,LR,117,BLCA,0,0,0.496617432339022
1310,TARGET,LR,118,BLCA,0,0,0.497199908180191
1311,TARGET,LR,119,BLCA,0,1,0.5092258138560608
1312,TARGET,LR,120,BLCA,0,0,0.4635187000307329
1313,TARGET,LR,121,BLCA,0,0,0.4997814945067116
1314,TARGET,LR,122,BLCA,0,1,0.5076542865507429
1315,TARGET,LR,123,BLCA,1,1,0.500083359918168
1316,TARGET,LR,124,BLCA,0,0,0.4933374086825938
1317,TARGET,LR,125,BLCA,0,1,0.5046054878495921
1318,TARGET,LR,126,BLCA,0,0,0.48475735518678764
1319,TARGET,LR,127,BLCA,1,0,0.4936839938220651
1320,TARGET,LR,128,BLCA,0,1,0.5022139025982437
1321,TARGET,LR,129,BLCA,1,0,0.4863238021355512
1322,TARGET,LR,130,BLCA,0,1,0.5042892709414025
1323,TARGET,LR,131,BLCA,0,0,0.46844200658167146
1324,TARGET,LR,132,BLCA,0,1,0.5505186343486883
1325,TARGET,LR,133,BLCA,1,1,0.5304951005392736
1326,TARGET,LR,134,BLCA,1,0,0.4971746266283112
1327,TARGET,LR,135,BLCA,0,0,0.4665929135012437
1328,TARGET,LR,136,BLCA,0,0,0.48572756442429543
1329,TARGET,LR,137,BLCA,1,1,0.5230515597929893
1330,TARGET,LR,138,BLCA,1,0,0.49704875760287665
1331,TARGET,LR,139,BLCA,0,0,0.4932356396252979
1332,TARGET,LR,140,BLCA,0,0,0.4978274458154184
1333,TARGET,LR,141,BLCA,0,0,0.48354088300282205
1334,TARGET,LR,142,BLCA,0,1,0.5184775075407447
1335,TARGET,LR,143,BLCA,0,0,0.4932077734026359
1336,TARGET,LR,144,BLCA,1,1,0.5201695506079427
1337,TARGET,LR,145,BLCA,0,1,0.5287844679133604
1338,TARGET,LR,146,BLCA,0,0,0.49700181182218844
1339,TARGET,LR,147,BLCA,0,1,0.5082535690657687
1340,TARGET,LR,148,BLCA,1,0,0.46928036421985114
1341,TARGET,LR,149,BLCA,0,1,0.5427456863769677
1342,TARGET,LR,150,BLCA,0,0,0.47274173618899623
1343,TARGET,LR,151,BLCA,0,1,0.5218116568300106
1344,TARGET,LR,152,BLCA,1,0,0.46191829668496365
1345,TARGET,LR,153,BLCA,0,1,0.508182799946251
1346,TARGET,LR,154,BLCA,0,1,0.5113265398323954
1347,TARGET,LR,155,BLCA,0,1,0.5100631817966915
1348,TARGET,LR,156,BLCA,0,1,0.5272639986002963
1349,TARGET,LR,157,BLCA,0,0,0.4772569304152437
1350,TARGET,LR,158,BLCA,0,0,0.48401141290240196
1351,TARGET,LR,159,BLCA,1,0,0.47840831845054915
1352,TARGET,LR,160,BLCA,0,0,0.48552350096791813
1353,TARGET,LR,161,BLCA,0,0,0.4816752620451399
1354,TARGET,LR,162,BLCA,1,1,0.5362267398650038
1355,TARGET,LR,163,BLCA,1,0,0.46867810840421587
1356,TARGET,LR,164,BLCA,0,1,0.502402426718375
1357,TARGET,LR,165,BLCA,0,0,0.4957738038469345
1358,TARGET,LR,166,BLCA,0,0,0.4967631362499989
1359,TARGET,LR,167,BLCA,0,0,0.4710452387272818
1360,TARGET,LR,168,BLCA,1,1,0.5058940182122875
1361,TARGET,LR,169,BLCA,0,1,0.5095888293397931
1362,TARGET,LR,170,BLCA,0,1,0.5006447789537163
1363,TARGET,LR,171,BLCA,0,0,0.49497368753832466
1364,TARGET,LR,172,BLCA,0,0,0.4886672626384346
1365,TARGET,LR,173,BLCA,0,0,0.47902752249593444
1366,TARGET,LR,174,BLCA,0,1,0.5244084108132783
1367,TARGET,LR,175,BLCA,0,0,0.4796338168040353
1368,TARGET,LR,176,BLCA,0,1,0.5039418225578904
1369,TARGET,LR,177,BLCA,0,1,0.517593622516463
1370,TARGET,LR,178,BLCA,1,0,0.4932720649842929
1371,TARGET,LR,179,BLCA,0,1,0.5092226552615985
1372,TARGET,LR,180,BLCA,0,1,0.5108939928202912
1373,TARGET,LR,181,BLCA,0,0,0.4989393374304092
1374,TARGET,LR,182,BLCA,0,1,0.56455881093203
1375,TARGET,LR,183,BLCA,0,0,0.4638887535388234
1376,TARGET,LR,184,BLCA,0,0,0.4949384378486634
1377,TARGET,LR,185,BLCA,0,1,0.5621738881897584
1378,TARGET,LR,186,BLCA,0,1,0.5014826798422662
1379,TARGET,LR,187,BLCA,0,0,0.49541013050871635
1380,TARGET,LR,188,BLCA,0,0,0.4871627502198378
1381,TARGET,LR,189,BLCA,0,0,0.49220140994379713
1382,TARGET,LR,190,BLCA,0,0,0.49009360427291254
1383,TARGET,LR,191,BLCA,1,0,0.48413002557702434
1384,TARGET,LR,192,BLCA,0,0,0.46193509797190907
1385,TARGET,LR,193,BLCA,0,0,0.49786085090490395
1386,TARGET,LR,194,BLCA,0,1,0.5070446993256993
1387,TARGET,LR,195,BLCA,0,0,0.4800012428149469
1388,TARGET,LR,196,BLCA,1,0,0.47623080514892435
1389,TARGET,LR,197,BLCA,0,1,0.5066688617202307
1390,TARGET,LR,198,BLCA,0,0,0.4792498296989767
1391,TARGET,LR,199,BLCA,0,0,0.4937718513179792
1392,TARGET,LR,200,BLCA,0,0,0.4713759554538887
1393,TARGET,LR,201,BLCA,0,0,0.4910614858570358
1394,TARGET,LR,202,BLCA,0,0,0.495295934276155
1395,TARGET,LR,203,BLCA,1,0,0.46988788401680975
1396,TARGET,LR,204,BLCA,0,1,0.523276518564801
1397,TARGET,LR,205,BLCA,0,0,0.49450913926558104
1398,TARGET,LR,206,BLCA,0,1,0.5313421767298351
1399,TARGET,LR,207,BLCA,1,1,0.5024251426734162
1400,TARGET,LR,208,BLCA,0,1,0.5305639692326349
1401,TARGET,LR,209,BLCA,0,1,0.5341668440378181
1402,TARGET,LR,210,BLCA,1,1,0.5247098641795219
1403,TARGET,LR,211,BLCA,1,0,0.48578897074958977
1404,TARGET,LR,212,BLCA,1,1,0.5005918050860054
1405,TARGET,LR,213,BLCA,1,0,0.4897803443136309
1406,TARGET,LR,214,BLCA,0,0,0.4819416538544409
1407,TARGET,LR,215,BLCA,0,0,0.49166047596286555
1408,TARGET,LR,216,BLCA,0,1,0.5462925509199773
1409,TARGET,LR,217,BLCA,0,1,0.5426840491578114
1410,TARGET,LR,218,BLCA,0,1,0.5013261375104398
1411,TARGET,LR,219,BLCA,0,0,0.4915221263577082
1412,TARGET,LR,220,BLCA,0,0,0.472433241720849
1413,TARGET,LR,221,BLCA,0,0,0.49892872695442303
1414,TARGET,LR,222,BLCA,0,0,0.4889581407121806
1415,TARGET,LR,223,BLCA,0,1,0.5123646253466241
1416,TARGET,LR,224,BLCA,0,0,0.4928869716479114
1417,TARGET,LR,225,BLCA,1,0,0.49953462377346275
1418,TARGET,LR,226,BLCA,0,1,0.5272739100152352
1419,TARGET,LR,227,BLCA,0,0,0.49276337674115445
1420,TARGET,LR,228,BLCA,0,1,0.5465149773112934
1421,TARGET,LR,229,BLCA,0,0,0.4814754745724312
1422,TARGET,LR,230,BLCA,1,1,0.5033679927094752
1423,TARGET,LR,231,BLCA,1,0,0.4891080121944377
1424,TARGET,LR,232,BLCA,1,0,0.49436490766075486
1425,TARGET,LR,233,BLCA,0,0,0.47225464304988973
1426,TARGET,LR,234,BLCA,0,1,0.5061834358741488
1427,TARGET,LR,235,BLCA,0,0,0.49413074714234556
1428,TARGET,LR,236,BLCA,1,1,0.5075393645429463
1429,TARGET,LR,237,BLCA,0,1,0.5504411703679931
1430,TARGET,LR,238,BLCA,0,1,0.5163638298306177
1431,TARGET,LR,239,BLCA,0,0,0.46671360393888395
1432,TARGET,LR,240,BLCA,1,0,0.4978657883026524
1433,TARGET,LR,241,BLCA,0,1,0.5096000631358014
1434,TARGET,LR,242,BLCA,0,0,0.4992028601086573
1435,TARGET,LR,243,BLCA,1,0,0.49909814935730734
1436,TARGET,LR,244,BLCA,0,1,0.5396910766053756
1437,TARGET,LR,245,BLCA,0,0,0.4989702131936848
1438,TARGET,LR,246,BLCA,0,0,0.4929254713890722
1439,TARGET,LR,247,BLCA,0,1,0.5249984966846748
1440,TARGET,LR,248,BLCA,1,1,0.5129136152118146
1441,TARGET,LR,249,BLCA,1,1,0.5091231619832731
1442,TARGET,LR,250,BLCA,1,1,0.5148233559099831
1443,TARGET,LR,251,BLCA,1,1,0.5090908720656365
1444,TARGET,LR,252,BLCA,0,0,0.47819789321701794
1445,TARGET,LR,253,BLCA,0,1,0.5129287135051307
1446,TARGET,LR,254,BLCA,0,1,0.5089410381545766
1447,TARGET,LR,255,BLCA,1,1,0.5293653991603009
1448,TARGET,LR,256,BLCA,0,0,0.4727551151022392
1449,TARGET,LR,257,BLCA,0,0,0.48131894442174417
1450,TARGET,LR,258,BLCA,0,0,0.496214887725705
1451,TARGET,LR,259,BLCA,0,0,0.4785640538282967
1452,TARGET,LR,260,BLCA,0,0,0.48606338785738185
1453,TARGET,LR,261,BLCA,0,0,0.4843371124404209
1454,TARGET,LR,262,BLCA,0,1,0.5089710810696485
1455,TARGET,LR,263,BLCA,0,0,0.4857045888873618
1456,TARGET,LR,264,BLCA,0,1,0.5157521798589833
1457,TARGET,LR,265,BLCA,0,0,0.4593391640514937
1458,TARGET,LR,266,BLCA,0,1,0.5001174002290452
1459,TARGET,LR,267,BLCA,1,1,0.5112685571763943
1460,TARGET,LR,268,BLCA,0,1,0.5159478156468831
1461,TARGET,LR,269,BLCA,0,0,0.4994487529017076
1462,TARGET,LR,270,BLCA,0,0,0.48254675070726655
1463,TARGET,LR,271,BLCA,1,0,0.47471555626648043
1464,TARGET,LR,272,BLCA,0,1,0.5328855506147034
1465,TARGET,LR,273,BLCA,0,0,0.491479945042514
1466,TARGET,LR,274,BLCA,1,0,0.4835835057167101
1467,TARGET,LR,275,BLCA,0,0,0.4774590249552564
1468,TARGET,LR,276,BLCA,0,1,0.508500301065802
1469,TARGET,LR,277,BLCA,0,1,0.5394316844833538
1470,TARGET,LR,278,BLCA,0,0,0.49995460906644495
1471,TARGET,LR,279,BLCA,0,1,0.5083584626165251
1472,TARGET,LR,280,BLCA,0,0,0.4686192744024595
1473,TARGET,LR,281,BLCA,0,0,0.4741908695141635
1474,TARGET,LR,282,BLCA,1,1,0.5164451139334648
1475,TARGET,LR,283,BLCA,0,0,0.49000779955027823
1476,TARGET,LR,284,BLCA,0,0,0.4694697795862197
1477,TARGET,LR,285,BLCA,0,1,0.504161910401546
1478,TARGET,LR,286,BLCA,0,1,0.5154404015051567
1479,TARGET,LR,287,BLCA,0,0,0.4690990246792916
1480,TARGET,LR,288,BLCA,0,1,0.5222563195642461
1481,TARGET,LR,289,BLCA,1,1,0.5012035050433991
1482,TARGET,LR,290,BLCA,0,0,0.48478136379905745
1483,TARGET,LR,291,BLCA,0,0,0.48823127924672166
1484,TARGET,LR,292,BLCA,0,0,0.4898855167836481
1485,TARGET,LR,293,BLCA,0,0,0.4747386171055427
1486,TARGET,LR,294,BLCA,1,1,0.5321222772464799
1487,TARGET,LR,295,BLCA,0,0,0.48723787765143595
1488,TARGET,LR,296,BLCA,0,1,0.5067675890653521
1489,TARGET,LR,297,BLCA,1,0,0.499778263532292
1490,TARGET,KNN,0,BLCA,0,0,0.4
1491,TARGET,KNN,1,BLCA,0,0,0.2
1492,TARGET,KNN,2,BLCA,0,0,0.2
1493,TARGET,KNN,3,BLCA,0,0,0.3
1494,TARGET,KNN,4,BLCA,1,0,0.2
1495,TARGET,KNN,5,BLCA,1,0,0.125
1496,TARGET,KNN,6,BLCA,1,0,0.1
1497,TARGET,KNN,7,BLCA,1,0,0.4
1498,TARGET,KNN,8,BLCA,0,0,0.4
1499,TARGET,KNN,9,BLCA,0,0,0.1
1500,TARGET,KNN,10,BLCA,0,0,0.4
1501,TARGET,KNN,11,BLCA,0,0,0.4
1502,TARGET,KNN,12,BLCA,0,0,0.2
1503,TARGET,KNN,13,BLCA,0,0,0.3
1504,TARGET,KNN,14,BLCA,0,0,0.1
1505,TARGET,KNN,15,BLCA,0,0,0.3
1506,TARGET,KNN,16,BLCA,0,0,0.2
1507,TARGET,KNN,17,BLCA,0,0,0.2
1508,TARGET,KNN,18,BLCA,1,0,0.2
1509,TARGET,KNN,19,BLCA,1,0,0.1
1510,TARGET,KNN,20,BLCA,0,0,0.2
1511,TARGET,KNN,21,BLCA,0,0,0.1
1512,TARGET,KNN,22,BLCA,0,0,0.4
1513,TARGET,KNN,23,BLCA,0,0,0.1
1514,TARGET,KNN,24,BLCA,0,0,0.2
1515,TARGET,KNN,25,BLCA,0,0,0.2
1516,TARGET,KNN,26,BLCA,0,0,0.4
1517,TARGET,KNN,27,BLCA,0,0,0.3
1518,TARGET,KNN,28,BLCA,0,0,0.2
1519,TARGET,KNN,29,BLCA,0,0,0.2
1520,TARGET,KNN,30,BLCA,0,0,0.2
1521,TARGET,KNN,31,BLCA,1,0,0.4
1522,TARGET,KNN,32,BLCA,0,0,0.1
1523,TARGET,KNN,33,BLCA,0,0,0.2
1524,TARGET,KNN,34,BLCA,0,0,0.3
1525,TARGET,KNN,35,BLCA,0,0,0.3
1526,TARGET,KNN,36,BLCA,0,0,0.2
1527,TARGET,KNN,37,BLCA,1,0,0.4
1528,TARGET,KNN,38,BLCA,0,0,0.2
1529,TARGET,KNN,39,BLCA,0,0,0.1
1530,TARGET,KNN,40,BLCA,1,0,0.4
1531,TARGET,KNN,41,BLCA,0,0,0.2
1532,TARGET,KNN,42,BLCA,0,0,0.4
1533,TARGET,KNN,43,BLCA,0,0,0.2
1534,TARGET,KNN,44,BLCA,1,0,0.3
1535,TARGET,KNN,45,BLCA,1,0,0.4
1536,TARGET,KNN,46,BLCA,0,0,0.2
1537,TARGET,KNN,47,BLCA,0,0,0.2
1538,TARGET,KNN,48,BLCA,1,0,0.2
1539,TARGET,KNN,49,BLCA,0,0,0.2
1540,TARGET,KNN,50,BLCA,0,0,0.3
1541,TARGET,KNN,51,BLCA,0,0,0.1
1542,TARGET,KNN,52,BLCA,0,0,0.2
1543,TARGET,KNN,53,BLCA,0,0,0.2
1544,TARGET,KNN,54,BLCA,0,0,0.2
1545,TARGET,KNN,55,BLCA,0,0,0.1
1546,TARGET,KNN,56,BLCA,0,0,0.4
1547,TARGET,KNN,57,BLCA,0,0,0.2
1548,TARGET,KNN,58,BLCA,1,0,0.25
1549,TARGET,KNN,59,BLCA,1,0,0.1
1550,TARGET,KNN,60,BLCA,0,0,0.2
1551,TARGET,KNN,61,BLCA,1,0,0.2
1552,TARGET,KNN,62,BLCA,0,0,0.4
1553,TARGET,KNN,63,BLCA,1,0,0.16666666666666666
1554,TARGET,KNN,64,BLCA,0,0,0.2
1555,TARGET,KNN,65,BLCA,0,0,0.2
1556,TARGET,KNN,66,BLCA,0,0,0.2
1557,TARGET,KNN,67,BLCA,0,0,0.2
1558,TARGET,KNN,68,BLCA,0,0,0.4
1559,TARGET,KNN,69,BLCA,0,0,0.2
1560,TARGET,KNN,70,BLCA,0,0,0.3
1561,TARGET,KNN,71,BLCA,0,0,0.1
1562,TARGET,KNN,72,BLCA,0,0,0.4
1563,TARGET,KNN,73,BLCA,0,0,0.3
1564,TARGET,KNN,74,BLCA,1,0,0.3
1565,TARGET,KNN,75,BLCA,0,0,0.4
1566,TARGET,KNN,76,BLCA,1,0,0.4
1567,TARGET,KNN,77,BLCA,0,0,0.1
1568,TARGET,KNN,78,BLCA,0,0,0.2
1569,TARGET,KNN,79,BLCA,0,0,0.4
1570,TARGET,KNN,80,BLCA,0,0,0.1
1571,TARGET,KNN,81,BLCA,0,0,0.2
1572,TARGET,KNN,82,BLCA,0,0,0.4
1573,TARGET,KNN,83,BLCA,0,0,0.0
1574,TARGET,KNN,84,BLCA,0,0,0.375
1575,TARGET,KNN,85,BLCA,0,0,0.3
1576,TARGET,KNN,86,BLCA,0,0,0.2
1577,TARGET,KNN,87,BLCA,0,0,0.2
1578,TARGET,KNN,88,BLCA,0,0,0.2
1579,TARGET,KNN,89,BLCA,1,0,0.1
1580,TARGET,KNN,90,BLCA,0,0,0.2
1581,TARGET,KNN,91,BLCA,0,0,0.1
1582,TARGET,KNN,92,BLCA,0,0,0.2
1583,TARGET,KNN,93,BLCA,1,0,0.3
1584,TARGET,KNN,94,BLCA,0,0,0.1
1585,TARGET,KNN,95,BLCA,0,0,0.5
1586,TARGET,KNN,96,BLCA,0,0,0.5
1587,TARGET,KNN,97,BLCA,1,0,0.3
1588,TARGET,KNN,98,BLCA,0,0,0.2
1589,TARGET,KNN,99,BLCA,0,0,0.2
1590,TARGET,KNN,100,BLCA,1,0,0.3
1591,TARGET,KNN,101,BLCA,1,0,0.3
1592,TARGET,KNN,102,BLCA,1,0,0.3
1593,TARGET,KNN,103,BLCA,0,0,0.3
1594,TARGET,KNN,104,BLCA,0,0,0.1
1595,TARGET,KNN,105,BLCA,0,0,0.4
1596,TARGET,KNN,106,BLCA,0,0,0.2
1597,TARGET,KNN,107,BLCA,0,0,0.2
1598,TARGET,KNN,108,BLCA,0,0,0.2
1599,TARGET,KNN,109,BLCA,0,0,0.4
1600,TARGET,KNN,110,BLCA,0,0,0.1
1601,TARGET,KNN,111,BLCA,0,0,0.2
1602,TARGET,KNN,112,BLCA,0,0,0.2
1603,TARGET,KNN,113,BLCA,0,0,0.5
1604,TARGET,KNN,114,BLCA,1,0,0.3
1605,TARGET,KNN,115,BLCA,1,0,0.4
1606,TARGET,KNN,116,BLCA,0,0,0.2
1607,TARGET,KNN,117,BLCA,0,0,0.2
1608,TARGET,KNN,118,BLCA,0,0,0.2
1609,TARGET,KNN,119,BLCA,0,0,0.2
1610,TARGET,KNN,120,BLCA,0,0,0.1
1611,TARGET,KNN,121,BLCA,0,0,0.5
1612,TARGET,KNN,122,BLCA,0,0,0.1
1613,TARGET,KNN,123,BLCA,1,0,0.4
1614,TARGET,KNN,124,BLCA,0,0,0.1
1615,TARGET,KNN,125,BLCA,0,0,0.2
1616,TARGET,KNN,126,BLCA,0,0,0.3
1617,TARGET,KNN,127,BLCA,1,0,0.1
1618,TARGET,KNN,128,BLCA,0,0,0.4
1619,TARGET,KNN,129,BLCA,1,0,0.2
1620,TARGET,KNN,130,BLCA,0,0,0.2
1621,TARGET,KNN,131,BLCA,0,0,0.1
1622,TARGET,KNN,132,BLCA,0,0,0.2
1623,TARGET,KNN,133,BLCA,1,0,0.4
1624,TARGET,KNN,134,BLCA,1,0,0.1
1625,TARGET,KNN,135,BLCA,0,0,0.1
1626,TARGET,KNN,136,BLCA,0,0,0.2
1627,TARGET,KNN,137,BLCA,1,0,0.16666666666666666
1628,TARGET,KNN,138,BLCA,1,0,0.1
1629,TARGET,KNN,139,BLCA,0,0,0.1
1630,TARGET,KNN,140,BLCA,0,0,0.4
1631,TARGET,KNN,141,BLCA,0,0,0.2
1632,TARGET,KNN,142,BLCA,0,0,0.2
1633,TARGET,KNN,143,BLCA,0,0,0.1
1634,TARGET,KNN,144,BLCA,1,0,0.0
1635,TARGET,KNN,145,BLCA,0,0,0.4
1636,TARGET,KNN,146,BLCA,0,0,0.2
1637,TARGET,KNN,147,BLCA,0,0,0.1
1638,TARGET,KNN,148,BLCA,1,0,0.3
1639,TARGET,KNN,149,BLCA,0,0,0.25
1640,TARGET,KNN,150,BLCA,0,0,0.4
1641,TARGET,KNN,151,BLCA,0,0,0.1
1642,TARGET,KNN,152,BLCA,1,0,0.0
1643,TARGET,KNN,153,BLCA,0,0,0.1
1644,TARGET,KNN,154,BLCA,0,0,0.2
1645,TARGET,KNN,155,BLCA,0,0,0.2
1646,TARGET,KNN,156,BLCA,0,0,0.4
1647,TARGET,KNN,157,BLCA,0,0,0.2
1648,TARGET,KNN,158,BLCA,0,0,0.3
1649,TARGET,KNN,159,BLCA,1,0,0.0
1650,TARGET,KNN,160,BLCA,0,0,0.3
1651,TARGET,KNN,161,BLCA,0,0,0.25
1652,TARGET,KNN,162,BLCA,1,0,0.1
1653,TARGET,KNN,163,BLCA,1,0,0.3
1654,TARGET,KNN,164,BLCA,0,0,0.4
1655,TARGET,KNN,165,BLCA,0,0,0.0
1656,TARGET,KNN,166,BLCA,0,0,0.2
1657,TARGET,KNN,167,BLCA,0,0,0.0
1658,TARGET,KNN,168,BLCA,1,0,0.0
1659,TARGET,KNN,169,BLCA,0,0,0.2
1660,TARGET,KNN,170,BLCA,0,1,0.6
1661,TARGET,KNN,171,BLCA,0,0,0.2
1662,TARGET,KNN,172,BLCA,0,0,0.3
1663,TARGET,KNN,173,BLCA,0,0,0.2
1664,TARGET,KNN,174,BLCA,0,0,0.2
1665,TARGET,KNN,175,BLCA,0,0,0.2
1666,TARGET,KNN,176,BLCA,0,0,0.2
1667,TARGET,KNN,177,BLCA,0,0,0.3
1668,TARGET,KNN,178,BLCA,1,0,0.1
1669,TARGET,KNN,179,BLCA,0,0,0.2
1670,TARGET,KNN,180,BLCA,0,0,0.2
1671,TARGET,KNN,181,BLCA,0,0,0.4
1672,TARGET,KNN,182,BLCA,0,0,0.1
1673,TARGET,KNN,183,BLCA,0,0,0.1
1674,TARGET,KNN,184,BLCA,0,0,0.2
1675,TARGET,KNN,185,BLCA,0,0,0.1
1676,TARGET,KNN,186,BLCA,0,0,0.4
1677,TARGET,KNN,187,BLCA,0,0,0.2
1678,TARGET,KNN,188,BLCA,0,0,0.3
1679,TARGET,KNN,189,BLCA,0,0,0.2
1680,TARGET,KNN,190,BLCA,0,0,0.4
1681,TARGET,KNN,191,BLCA,1,0,0.2
1682,TARGET,KNN,192,BLCA,0,0,0.1
1683,TARGET,KNN,193,BLCA,0,0,0.4
1684,TARGET,KNN,194,BLCA,0,0,0.2
1685,TARGET,KNN,195,BLCA,0,0,0.2
1686,TARGET,KNN,196,BLCA,1,0,0.1
1687,TARGET,KNN,197,BLCA,0,0,0.2
1688,TARGET,KNN,198,BLCA,0,0,0.1
1689,TARGET,KNN,199,BLCA,0,0,0.2
1690,TARGET,KNN,200,BLCA,0,0,0.1
1691,TARGET,KNN,201,BLCA,0,0,0.1
1692,TARGET,KNN,202,BLCA,0,0,0.2
1693,TARGET,KNN,203,BLCA,1,0,0.3
1694,TARGET,KNN,204,BLCA,0,0,0.2
1695,TARGET,KNN,205,BLCA,0,0,0.3
1696,TARGET,KNN,206,BLCA,0,0,0.3
1697,TARGET,KNN,207,BLCA,1,0,0.4
1698,TARGET,KNN,208,BLCA,0,0,0.4
1699,TARGET,KNN,209,BLCA,0,0,0.4
1700,TARGET,KNN,210,BLCA,1,0,0.3
1701,TARGET,KNN,211,BLCA,1,0,0.2
1702,TARGET,KNN,212,BLCA,1,0,0.5
1703,TARGET,KNN,213,BLCA,1,0,0.2
1704,TARGET,KNN,214,BLCA,0,0,0.25
1705,TARGET,KNN,215,BLCA,0,0,0.2
1706,TARGET,KNN,216,BLCA,0,0,0.2
1707,TARGET,KNN,217,BLCA,0,0,0.3
1708,TARGET,KNN,218,BLCA,0,0,0.5
1709,TARGET,KNN,219,BLCA,0,0,0.2
1710,TARGET,KNN,220,BLCA,0,0,0.3
1711,TARGET,KNN,221,BLCA,0,0,0.4
1712,TARGET,KNN,222,BLCA,0,0,0.2
1713,TARGET,KNN,223,BLCA,0,0,0.3
1714,TARGET,KNN,224,BLCA,0,0,0.1
1715,TARGET,KNN,225,BLCA,1,0,0.16666666666666666
1716,TARGET,KNN,226,BLCA,0,0,0.5
1717,TARGET,KNN,227,BLCA,0,0,0.0
1718,TARGET,KNN,228,BLCA,0,0,0.2
1719,TARGET,KNN,229,BLCA,0,0,0.25
1720,TARGET,KNN,230,BLCA,1,0,0.3
1721,TARGET,KNN,231,BLCA,1,0,0.2
1722,TARGET,KNN,232,BLCA,1,0,0.1
1723,TARGET,KNN,233,BLCA,0,0,0.3
1724,TARGET,KNN,234,BLCA,0,0,0.1
1725,TARGET,KNN,235,BLCA,0,0,0.2
1726,TARGET,KNN,236,BLCA,1,0,0.0
1727,TARGET,KNN,237,BLCA,0,0,0.2
1728,TARGET,KNN,238,BLCA,0,0,0.2
1729,TARGET,KNN,239,BLCA,0,0,0.1
1730,TARGET,KNN,240,BLCA,1,0,0.3
1731,TARGET,KNN,241,BLCA,0,0,0.2
1732,TARGET,KNN,242,BLCA,0,0,0.4
1733,TARGET,KNN,243,BLCA,1,0,0.3
1734,TARGET,KNN,244,BLCA,0,0,0.4
1735,TARGET,KNN,245,BLCA,0,0,0.4
1736,TARGET,KNN,246,BLCA,0,0,0.1
1737,TARGET,KNN,247,BLCA,0,0,0.2
1738,TARGET,KNN,248,BLCA,1,0,0.4
1739,TARGET,KNN,249,BLCA,1,0,0.1
1740,TARGET,KNN,250,BLCA,1,0,0.2
1741,TARGET,KNN,251,BLCA,1,0,0.1
1742,TARGET,KNN,252,BLCA,0,0,0.2
1743,TARGET,KNN,253,BLCA,0,0,0.4
1744,TARGET,KNN,254,BLCA,0,0,0.2
1745,TARGET,KNN,255,BLCA,1,0,0.3
1746,TARGET,KNN,256,BLCA,0,0,0.4
1747,TARGET,KNN,257,BLCA,0,0,0.25
1748,TARGET,KNN,258,BLCA,0,0,0.1
1749,TARGET,KNN,259,BLCA,0,0,0.2
1750,TARGET,KNN,260,BLCA,0,0,0.2
1751,TARGET,KNN,261,BLCA,0,0,0.3
1752,TARGET,KNN,262,BLCA,0,0,0.2
1753,TARGET,KNN,263,BLCA,0,0,0.2
1754,TARGET,KNN,264,BLCA,0,0,0.4
1755,TARGET,KNN,265,BLCA,0,0,0.1
1756,TARGET,KNN,266,BLCA,0,0,0.5
1757,TARGET,KNN,267,BLCA,1,0,0.1
1758,TARGET,KNN,268,BLCA,0,0,0.3
1759,TARGET,KNN,269,BLCA,0,0,0.3
1760,TARGET,KNN,270,BLCA,0,0,0.25
1761,TARGET,KNN,271,BLCA,1,0,0.1
1762,TARGET,KNN,272,BLCA,0,0,0.4
1763,TARGET,KNN,273,BLCA,0,0,0.2
1764,TARGET,KNN,274,BLCA,1,0,0.2
1765,TARGET,KNN,275,BLCA,0,0,0.2
1766,TARGET,KNN,276,BLCA,0,0,0.2
1767,TARGET,KNN,277,BLCA,0,0,0.4
1768,TARGET,KNN,278,BLCA,0,0,0.5
1769,TARGET,KNN,279,BLCA,0,0,0.2
1770,TARGET,KNN,280,BLCA,0,0,0.1
1771,TARGET,KNN,281,BLCA,0,0,0.4
1772,TARGET,KNN,282,BLCA,1,0,0.2
1773,TARGET,KNN,283,BLCA,0,0,0.4
1774,TARGET,KNN,284,BLCA,0,0,0.1
1775,TARGET,KNN,285,BLCA,0,0,0.2
1776,TARGET,KNN,286,BLCA,0,0,0.4
1777,TARGET,KNN,287,BLCA,0,0,0.1
1778,TARGET,KNN,288,BLCA,0,0,0.1
1779,TARGET,KNN,289,BLCA,1,0,0.4
1780,TARGET,KNN,290,BLCA,0,0,0.3
1781,TARGET,KNN,291,BLCA,0,0,0.2
1782,TARGET,KNN,292,BLCA,0,0,0.3
1783,TARGET,KNN,293,BLCA,0,0,0.4
1784,TARGET,KNN,294,BLCA,1,0,0.3
1785,TARGET,KNN,295,BLCA,0,0,0.3
1786,TARGET,KNN,296,BLCA,0,0,0.2
1787,TARGET,KNN,297,BLCA,1,0,0.4
