,iter,drug,tissue,model,feature,acc,bal_acc,tp,tn,fp,fn,f1,av_prec,roc_auc,pr_auc
0,0,Atezo,BLCA,LR,auslander_common,0.6714285714285714,0.5803571428571428,6,41,15,8,0.34285714285714286,0.4443314835329354,0.6632653061224489,0.4297366180981922
1,1,Atezo,BLCA,LR,auslander_common,0.5857142857142857,0.6071428571428572,9,32,24,5,0.3829787234042553,0.41166995276765356,0.7334183673469388,0.37170918478148224
2,2,Atezo,BLCA,LR,auslander_common,0.6142857142857143,0.5178571428571429,5,38,18,9,0.27027027027027023,0.3080579861122372,0.5905612244897959,0.2710482252328064
3,3,Atezo,BLCA,LR,auslander_common,0.6857142857142857,0.6160714285714286,7,41,15,7,0.3888888888888889,0.28447402801275457,0.5727040816326531,0.24970470330001765
4,4,Atezo,BLCA,LR,auslander_common,0.5714285714285714,0.4375,3,37,19,11,0.16666666666666663,0.19953085495850303,0.4119897959183673,0.17391045163204644
5,5,Atezo,BLCA,LR,auslander_common,0.6714285714285714,0.5803571428571428,6,41,15,8,0.34285714285714286,0.3385932783753459,0.6020408163265306,0.3001057515437668
6,6,Atezo,BLCA,LR,auslander_common,0.6714285714285714,0.6071428571428572,7,40,16,7,0.3783783783783784,0.42969055132109046,0.6989795918367347,0.40787225447024733
7,7,Atezo,BLCA,LR,auslander_common,0.6285714285714286,0.5535714285714286,6,38,18,8,0.3157894736842105,0.28386310074226623,0.5854591836734694,0.2479470115423652
8,8,Atezo,BLCA,LR,auslander_common,0.6428571428571429,0.6160714285714286,8,37,19,6,0.3902439024390244,0.24313435689949006,0.5676020408163265,0.22077528211018024
9,9,Atezo,BLCA,LR,auslander_common,0.6428571428571429,0.5892857142857143,7,38,18,7,0.358974358974359,0.34829630340646245,0.5892857142857142,0.3282028276521487
10,10,Atezo,BLCA,LR,auslander_common,0.7,0.5714285714285714,5,44,12,9,0.3225806451612903,0.3736871446686768,0.6084183673469388,0.36023355630608656
11,11,Atezo,BLCA,LR,auslander_common,0.6285714285714286,0.5803571428571428,7,37,19,7,0.35000000000000003,0.2540481530965371,0.5599489795918366,0.2273837397662007
12,12,Atezo,BLCA,LR,auslander_common,0.6285714285714286,0.5535714285714286,6,38,18,8,0.3157894736842105,0.24436216983322617,0.5076530612244897,0.21103779392915048
13,13,Atezo,BLCA,LR,auslander_common,0.7285714285714285,0.6428571428571428,7,44,12,7,0.4242424242424242,0.40828984884895936,0.7181122448979592,0.38682908463645593
14,14,Atezo,BLCA,LR,auslander_common,0.6714285714285714,0.6607142857142858,9,38,18,5,0.43902439024390244,0.47980911438724316,0.7002551020408163,0.4639011038464792
15,15,Atezo,BLCA,LR,auslander_common,0.5285714285714286,0.4642857142857143,5,32,24,9,0.23255813953488377,0.22238560636354837,0.5051020408163265,0.19589057914549846
16,16,Atezo,BLCA,LR,auslander_common,0.7,0.6785714285714286,9,40,16,5,0.4615384615384615,0.4394947332390813,0.6938775510204083,0.41756041387521614
17,17,Atezo,BLCA,LR,auslander_common,0.6428571428571429,0.5357142857142857,5,40,16,9,0.2857142857142857,0.2155362323483649,0.4885204081632653,0.19403227586101612
18,18,Atezo,BLCA,LR,auslander_common,0.5714285714285714,0.4910714285714286,5,35,21,9,0.25,0.23182379167982223,0.5395408163265306,0.20853734961848
19,19,Atezo,BLCA,LR,auslander_common,0.6428571428571429,0.5892857142857143,7,38,18,7,0.358974358974359,0.2899158951662973,0.6339285714285715,0.2550684059078927
20,20,Atezo,BLCA,LR,auslander_common,0.6714285714285714,0.6071428571428572,7,40,16,7,0.3783783783783784,0.408884251007273,0.5778061224489796,0.3943077651682457
21,21,Atezo,BLCA,LR,auslander_common,0.6857142857142857,0.6428571428571428,8,40,16,6,0.4210526315789474,0.524721244819767,0.7704081632653061,0.5083225675315718
22,22,Atezo,BLCA,LR,auslander_common,0.6571428571428571,0.625,8,38,18,6,0.4,0.3194863123238406,0.6760204081632654,0.2832706992468386
23,23,Atezo,BLCA,LR,auslander_common,0.7,0.6785714285714286,9,40,16,5,0.4615384615384615,0.2670279500336464,0.6313775510204082,0.2457416673972585
24,24,Atezo,BLCA,LR,auslander_common,0.6571428571428571,0.5714285714285714,6,40,16,8,0.33333333333333326,0.30055476974291484,0.6441326530612246,0.26913378812714467
25,25,Atezo,BLCA,LR,auslander_common,0.6428571428571429,0.48214285714285715,3,42,14,11,0.1935483870967742,0.28603465719397,0.5331632653061225,0.26975854580298564
26,26,Atezo,BLCA,LR,auslander_common,0.6142857142857143,0.5446428571428571,6,37,19,8,0.30769230769230765,0.23048772277039573,0.5586734693877551,0.21001550460456608
27,27,Atezo,BLCA,LR,auslander_common,0.7285714285714285,0.6428571428571428,7,44,12,7,0.4242424242424242,0.35555435673193303,0.6594387755102041,0.3382708490930303
28,28,Atezo,BLCA,LR,auslander_common,0.6428571428571429,0.5625,6,39,17,8,0.3243243243243243,0.2106867177109702,0.49617346938775514,0.19037661709650922
29,29,Atezo,BLCA,LR,auslander_common,0.6714285714285714,0.6875,10,37,19,4,0.46511627906976755,0.3291070458927787,0.6900510204081632,0.292106486661151
30,30,Atezo,BLCA,LR,auslander_common,0.5428571428571428,0.4464285714285714,4,34,22,10,0.2,0.2524666150920033,0.4298469387755102,0.2386817538088812
31,31,Atezo,BLCA,LR,auslander_common,0.6285714285714286,0.5267857142857143,5,39,17,9,0.2777777777777778,0.2736313120412207,0.5548469387755102,0.23799222664170622
32,32,Atezo,BLCA,LR,auslander_common,0.6428571428571429,0.6160714285714286,8,37,19,6,0.3902439024390244,0.4144477877352509,0.6517857142857144,0.3994189841204041
33,33,Atezo,BLCA,LR,auslander_common,0.6142857142857143,0.5982142857142857,8,35,21,6,0.37209302325581395,0.2935034775285508,0.6288265306122449,0.26615562154960565
34,34,Atezo,BLCA,LR,auslander_common,0.6,0.5892857142857142,8,34,22,6,0.36363636363636365,0.3421256110959682,0.6224489795918368,0.3033756605346761
35,35,Atezo,BLCA,LR,auslander_common,0.6857142857142857,0.6160714285714286,7,41,15,7,0.3888888888888889,0.32843096033622815,0.6747448979591837,0.2915466523771058
36,36,Atezo,BLCA,LR,auslander_common,0.5857142857142857,0.5267857142857143,6,35,21,8,0.29268292682926833,0.27950370971321326,0.5739795918367347,0.248397354278523
37,37,Atezo,BLCA,LR,auslander_common,0.5428571428571428,0.5,6,32,24,8,0.27272727272727276,0.3357106275669868,0.5471938775510204,0.2984666441882673
38,38,Atezo,BLCA,LR,auslander_common,0.5857142857142857,0.5,5,36,20,9,0.25641025641025644,0.2823388769974121,0.5318877551020409,0.2512497640398646
39,39,Atezo,BLCA,LR,auslander_common,0.6142857142857143,0.5714285714285714,7,36,20,7,0.3414634146341463,0.30369076042129645,0.5994897959183674,0.27490713929415317
40,40,Atezo,BLCA,LR,auslander_common,0.6142857142857143,0.6517857142857143,10,33,23,4,0.42553191489361697,0.39610482215501885,0.7066326530612245,0.35642109377403325
41,41,Atezo,BLCA,LR,auslander_common,0.6142857142857143,0.5178571428571429,5,38,18,9,0.27027027027027023,0.24402870056742743,0.5548469387755102,0.2160383553200041
42,42,Atezo,BLCA,LR,auslander_common,0.6714285714285714,0.5803571428571428,6,41,15,8,0.34285714285714286,0.3123731181104844,0.6275510204081634,0.2800824132580018
43,43,Atezo,BLCA,LR,auslander_common,0.6857142857142857,0.6428571428571428,8,40,16,6,0.4210526315789474,0.30192529207327407,0.663265306122449,0.27564035615827004
44,44,Atezo,BLCA,LR,auslander_common,0.5571428571428572,0.5357142857142857,7,32,24,7,0.3111111111111111,0.322695173020853,0.6007653061224489,0.2849523163939582
45,45,Atezo,BLCA,LR,auslander_common,0.6142857142857143,0.5446428571428571,6,37,19,8,0.30769230769230765,0.34527637879353723,0.5625,0.3261808192354668
46,46,Atezo,BLCA,LR,auslander_common,0.7,0.5714285714285714,5,44,12,9,0.3225806451612903,0.2901185674576873,0.6160714285714286,0.26192130430011235
47,47,Atezo,BLCA,LR,auslander_common,0.6428571428571429,0.5625,6,39,17,8,0.3243243243243243,0.274115935549883,0.5522959183673469,0.24329549643892
48,48,Atezo,BLCA,LR,auslander_common,0.6285714285714286,0.5803571428571428,7,37,19,7,0.35000000000000003,0.296575481406411,0.5739795918367347,0.2813498856628268
49,49,Atezo,BLCA,LR,auslander_common,0.6285714285714286,0.5803571428571428,7,37,19,7,0.35000000000000003,0.31666421142714973,0.6033163265306123,0.27855342936249616
50,50,Atezo,BLCA,LR,auslander_common,0.5857142857142857,0.5267857142857143,6,35,21,8,0.29268292682926833,0.22673672076007137,0.5153061224489796,0.20258938642153648
51,51,Atezo,BLCA,LR,auslander_common,0.5857142857142857,0.5803571428571428,8,33,23,6,0.35555555555555557,0.2639684678742041,0.5829081632653061,0.23730787156002897
52,52,Atezo,BLCA,LR,auslander_common,0.6428571428571429,0.5625,6,39,17,8,0.3243243243243243,0.2990164223878937,0.6428571428571429,0.26336587169285014
53,53,Atezo,BLCA,LR,auslander_common,0.6428571428571429,0.5357142857142857,5,40,16,9,0.2857142857142857,0.3331270690862461,0.5637755102040816,0.31404400096213614
54,54,Atezo,BLCA,LR,auslander_common,0.6285714285714286,0.5,4,40,16,10,0.23529411764705882,0.24863553233447336,0.5892857142857142,0.22455559213810306
55,55,Atezo,BLCA,LR,auslander_common,0.6285714285714286,0.5267857142857143,5,39,17,9,0.2777777777777778,0.21775297355843365,0.5382653061224489,0.1970204830666123
56,56,Atezo,BLCA,LR,auslander_common,0.6285714285714286,0.6875,11,33,23,3,0.45833333333333326,0.4081247403629322,0.7244897959183673,0.3869443194278559
57,57,Atezo,BLCA,LR,auslander_common,0.5857142857142857,0.5267857142857143,6,35,21,8,0.29268292682926833,0.2066914426108487,0.4897959183673469,0.18692353368014006
58,58,Atezo,BLCA,LR,auslander_common,0.6142857142857143,0.6517857142857143,10,33,23,4,0.42553191489361697,0.3314329877375418,0.6760204081632653,0.29318120834864314
59,59,Atezo,BLCA,LR,auslander_common,0.7285714285714285,0.7232142857142857,10,41,15,4,0.5128205128205129,0.45865191482460466,0.7895408163265306,0.4362757595695924
60,60,Atezo,BLCA,LR,auslander_common,0.6,0.5357142857142857,6,36,20,8,0.3,0.3113336962172168,0.590561224489796,0.2940530028274907
61,61,Atezo,BLCA,LR,auslander_common,0.6571428571428571,0.5178571428571428,4,42,14,10,0.25,0.17676583676712754,0.4068877551020408,0.16177138467445412
62,62,Atezo,BLCA,LR,auslander_common,0.5714285714285714,0.5178571428571428,6,34,22,8,0.2857142857142857,0.25838884667501527,0.5586734693877551,0.23327092480167885
63,63,Atezo,BLCA,LR,auslander_common,0.5714285714285714,0.5446428571428572,7,33,23,7,0.3181818181818182,0.22814557337549363,0.5637755102040817,0.2067112050854726
64,64,Atezo,BLCA,LR,auslander_common,0.6571428571428571,0.7053571428571428,11,35,21,3,0.4782608695652174,0.35501374404568065,0.697704081632653,0.3218474196088179
65,65,Atezo,BLCA,LR,auslander_common,0.6571428571428571,0.5982142857142857,7,39,17,7,0.3684210526315789,0.2571236984407338,0.6198979591836735,0.23529785108085596
66,66,Atezo,BLCA,LR,auslander_common,0.6571428571428571,0.6517857142857143,9,37,19,5,0.4285714285714286,0.3532462833125978,0.6594387755102041,0.3145057119622126
67,67,Atezo,BLCA,LR,auslander_common,0.7142857142857143,0.6339285714285714,7,43,13,7,0.4117647058823529,0.29321605623227237,0.6505102040816326,0.2670288881573443
68,68,Atezo,BLCA,LR,auslander_common,0.6571428571428571,0.5178571428571428,4,42,14,10,0.25,0.3284568724546153,0.6619897959183673,0.3125028581626216
69,69,Atezo,BLCA,LR,auslander_common,0.5714285714285714,0.5178571428571428,6,34,22,8,0.2857142857142857,0.2912496146304766,0.5778061224489797,0.2550059619142395
70,70,Atezo,BLCA,LR,auslander_common,0.6428571428571429,0.5089285714285714,4,41,15,10,0.24242424242424243,0.2460315459705433,0.5408163265306123,0.2178216600152767
71,71,Atezo,BLCA,LR,auslander_common,0.6571428571428571,0.6517857142857143,9,37,19,5,0.4285714285714286,0.26860332361421674,0.5854591836734694,0.2401831729293027
72,72,Atezo,BLCA,LR,auslander_common,0.6857142857142857,0.6160714285714286,7,41,15,7,0.3888888888888889,0.3663298074356048,0.6581632653061225,0.32733456598323557
73,73,Atezo,BLCA,LR,auslander_common,0.6285714285714286,0.5803571428571428,7,37,19,7,0.35000000000000003,0.26429966892164575,0.6160714285714286,0.23946572812648578
74,74,Atezo,BLCA,LR,auslander_common,0.6571428571428571,0.5982142857142857,7,39,17,7,0.3684210526315789,0.2198917122760361,0.5561224489795918,0.20369938346280603
75,75,Atezo,BLCA,LR,auslander_common,0.6285714285714286,0.6339285714285714,9,35,21,5,0.4090909090909091,0.3997024410474954,0.6747448979591837,0.37835451708656653
76,76,Atezo,BLCA,LR,auslander_common,0.6285714285714286,0.5267857142857143,5,39,17,9,0.2777777777777778,0.24352260575039575,0.5688775510204082,0.22041277823546887
77,77,Atezo,BLCA,LR,auslander_common,0.5285714285714286,0.4910714285714286,6,31,25,8,0.26666666666666666,0.2802180261364783,0.514030612244898,0.2642390954306125
78,78,Atezo,BLCA,LR,auslander_common,0.5571428571428572,0.5625,8,31,25,6,0.3404255319148936,0.34951359712268554,0.6326530612244898,0.3110109580543082
79,79,Atezo,BLCA,LR,auslander_common,0.6428571428571429,0.5892857142857143,7,38,18,7,0.358974358974359,0.3634122810966129,0.6772959183673469,0.32433020534321094
80,80,Atezo,BLCA,LR,auslander_common,0.6571428571428571,0.5982142857142857,7,39,17,7,0.3684210526315789,0.30765420065496474,0.6760204081632654,0.2766700516739275
81,81,Atezo,BLCA,LR,auslander_common,0.5285714285714286,0.4910714285714286,6,31,25,8,0.26666666666666666,0.2624095873462522,0.48596938775510207,0.2482805700699585
82,82,Atezo,BLCA,LR,auslander_common,0.6142857142857143,0.5982142857142857,8,35,21,6,0.37209302325581395,0.2736929272679578,0.6721938775510204,0.251580029315056
83,83,Atezo,BLCA,LR,auslander_common,0.6428571428571429,0.5357142857142857,5,40,16,9,0.2857142857142857,0.24324049401351217,0.5841836734693877,0.22446095788318127
84,84,Atezo,BLCA,LR,auslander_common,0.6571428571428571,0.5714285714285714,6,40,16,8,0.33333333333333326,0.26255182220972506,0.6084183673469388,0.24006168578562043
85,85,Atezo,BLCA,LR,auslander_common,0.6285714285714286,0.6071428571428572,8,36,20,6,0.38095238095238093,0.28159766965659494,0.5892857142857142,0.2508901343773896
86,86,Atezo,BLCA,LR,auslander_common,0.5571428571428572,0.5357142857142857,7,32,24,7,0.3111111111111111,0.39100936535693265,0.6607142857142858,0.3697264245508285
87,87,Atezo,BLCA,LR,auslander_common,0.7142857142857143,0.7142857142857143,10,40,16,4,0.5,0.4318492017109652,0.7104591836734693,0.4103445642058442
88,88,Atezo,BLCA,LR,auslander_common,0.6142857142857143,0.49107142857142855,4,39,17,10,0.22857142857142854,0.24194161627955474,0.5306122448979591,0.2098537090321079
89,89,Atezo,BLCA,LR,auslander_common,0.6428571428571429,0.5892857142857143,7,38,18,7,0.358974358974359,0.3013098848159325,0.6198979591836735,0.26538750352760493
90,90,Atezo,BLCA,LR,auslander_common,0.5285714285714286,0.5178571428571428,7,30,26,7,0.2978723404255319,0.3726017683703058,0.6186224489795918,0.35929968359948805
91,91,Atezo,BLCA,LR,auslander_common,0.6428571428571429,0.6160714285714286,8,37,19,6,0.3902439024390244,0.3003334946398963,0.6772959183673469,0.27403991288442847
92,92,Atezo,BLCA,LR,auslander_common,0.5428571428571428,0.41964285714285715,3,35,21,11,0.15789473684210525,0.1849313788528557,0.4566326530612245,0.16850887114868301
93,93,Atezo,BLCA,LR,auslander_common,0.6285714285714286,0.5803571428571428,7,37,19,7,0.35000000000000003,0.35275362258625287,0.590561224489796,0.3328265881735756
94,94,Atezo,BLCA,LR,auslander_common,0.5857142857142857,0.5267857142857143,6,35,21,8,0.29268292682926833,0.37486023963628445,0.6058673469387755,0.36134785381956647
95,95,Atezo,BLCA,LR,auslander_common,0.5714285714285714,0.5178571428571428,6,34,22,8,0.2857142857142857,0.26124438414443424,0.5841836734693877,0.228058349798597
96,96,Atezo,BLCA,LR,auslander_common,0.6285714285714286,0.5535714285714286,6,38,18,8,0.3157894736842105,0.24842255761447757,0.5688775510204082,0.22433378646275964
97,97,Atezo,BLCA,LR,auslander_common,0.5142857142857142,0.4821428571428571,6,30,26,8,0.26086956521739124,0.27260458722461567,0.47321428571428564,0.2367748968381133
98,98,Atezo,BLCA,LR,auslander_common,0.6714285714285714,0.6875,10,37,19,4,0.46511627906976755,0.354467587511559,0.653061224489796,0.31595594459801574
99,99,Atezo,BLCA,LR,auslander_common,0.6571428571428571,0.5714285714285714,6,40,16,8,0.33333333333333326,0.39993518537636186,0.6721938775510203,0.3858977296664545
0,0,Atezo,BLCA,LR,auslander_LCC,0.6428571428571429,0.5625,6,39,17,8,0.3243243243243243,0.25983242197409,0.6122448979591837,0.2371312069900497
1,1,Atezo,BLCA,LR,auslander_LCC,0.5857142857142857,0.5535714285714286,7,34,22,7,0.32558139534883723,0.28533367287645484,0.6096938775510204,0.25448499405429426
2,2,Atezo,BLCA,LR,auslander_LCC,0.6428571428571429,0.6160714285714286,8,37,19,6,0.3902439024390244,0.3341606592793633,0.6619897959183674,0.30496107737454836
3,3,Atezo,BLCA,LR,auslander_LCC,0.6714285714285714,0.6339285714285714,8,39,17,6,0.41025641025641024,0.3286956025427653,0.7181122448979591,0.29716570312172436
4,4,Atezo,BLCA,LR,auslander_LCC,0.6142857142857143,0.625,9,34,22,5,0.4,0.34252647850521845,0.701530612244898,0.3139747530946279
5,5,Atezo,BLCA,LR,auslander_LCC,0.6285714285714286,0.5803571428571428,7,37,19,7,0.35000000000000003,0.3281680267698813,0.6364795918367346,0.2955046145901484
6,6,Atezo,BLCA,LR,auslander_LCC,0.6142857142857143,0.5982142857142857,8,35,21,6,0.37209302325581395,0.31820907898391737,0.6670918367346939,0.2859135240777637
7,7,Atezo,BLCA,LR,auslander_LCC,0.6,0.5357142857142857,6,36,20,8,0.3,0.22896580873270078,0.548469387755102,0.20717770033316846
8,8,Atezo,BLCA,LR,auslander_LCC,0.5714285714285714,0.5178571428571428,6,34,22,8,0.2857142857142857,0.2241413780681275,0.5318877551020408,0.2023296484444412
9,9,Atezo,BLCA,LR,auslander_LCC,0.5428571428571428,0.5535714285714286,8,30,26,6,0.3333333333333333,0.22839926980352557,0.538265306122449,0.20290595165282588
10,10,Atezo,BLCA,LR,auslander_LCC,0.6,0.5625,7,35,21,7,0.3333333333333333,0.3077611308966351,0.6301020408163265,0.27059835309776825
11,11,Atezo,BLCA,LR,auslander_LCC,0.5714285714285714,0.5446428571428572,7,33,23,7,0.3181818181818182,0.4116751836329622,0.6262755102040816,0.3968642825964612
12,12,Atezo,BLCA,LR,auslander_LCC,0.5142857142857142,0.4821428571428571,6,30,26,8,0.26086956521739124,0.2357169032668074,0.48214285714285715,0.2097353099360175
13,13,Atezo,BLCA,LR,auslander_LCC,0.6142857142857143,0.5446428571428571,6,37,19,8,0.30769230769230765,0.23957291254095783,0.5956632653061225,0.22062432308483254
14,14,Atezo,BLCA,LR,auslander_LCC,0.6142857142857143,0.625,9,34,22,5,0.4,0.3480163955229788,0.6658163265306122,0.3095718440508119
15,15,Atezo,BLCA,LR,auslander_LCC,0.6,0.5357142857142857,6,36,20,8,0.3,0.2327569147413471,0.5038265306122449,0.20516653848832472
16,16,Atezo,BLCA,LR,auslander_LCC,0.45714285714285713,0.39285714285714285,4,28,28,10,0.17391304347826086,0.199883530126664,0.4770408163265306,0.17945886648536694
17,17,Atezo,BLCA,LR,auslander_LCC,0.6714285714285714,0.5267857142857143,4,43,13,10,0.2580645161290323,0.2533305169633619,0.5943877551020408,0.22917569441792224
18,18,Atezo,BLCA,LR,auslander_LCC,0.6142857142857143,0.5982142857142857,8,35,21,6,0.37209302325581395,0.25855671909531863,0.5829081632653061,0.23247451573301517
19,19,Atezo,BLCA,LR,auslander_LCC,0.5714285714285714,0.5714285714285714,8,32,24,6,0.34782608695652173,0.3129374698662247,0.6301020408163265,0.280976113072338
20,20,Atezo,BLCA,LR,auslander_LCC,0.6714285714285714,0.6339285714285714,8,39,17,6,0.41025641025641024,0.3262028057332057,0.6364795918367347,0.30948601711540924
21,21,Atezo,BLCA,LR,auslander_LCC,0.5285714285714286,0.4642857142857143,5,32,24,9,0.23255813953488377,0.22792741673005257,0.528061224489796,0.2015598201056304
22,22,Atezo,BLCA,LR,auslander_LCC,0.6285714285714286,0.5803571428571428,7,37,19,7,0.35000000000000003,0.4276133756653717,0.6186224489795918,0.4133722167754904
23,23,Atezo,BLCA,LR,auslander_LCC,0.6428571428571429,0.5357142857142857,5,40,16,9,0.2857142857142857,0.22945004669997462,0.5369897959183674,0.20345155275679816
24,24,Atezo,BLCA,LR,auslander_LCC,0.5285714285714286,0.4642857142857143,5,32,24,9,0.23255813953488377,0.24969158850107576,0.5191326530612246,0.21557421774209604
25,25,Atezo,BLCA,LR,auslander_LCC,0.6571428571428571,0.6785714285714286,10,36,20,4,0.4545454545454545,0.29937734494253876,0.6607142857142857,0.26989497069135754
26,26,Atezo,BLCA,LR,auslander_LCC,0.6285714285714286,0.6071428571428572,8,36,20,6,0.38095238095238093,0.26571977726937535,0.6173469387755103,0.24222474677824482
27,27,Atezo,BLCA,LR,auslander_LCC,0.5857142857142857,0.5535714285714286,7,34,22,7,0.32558139534883723,0.3730735141449427,0.5982142857142857,0.3527293072895906
28,28,Atezo,BLCA,LR,auslander_LCC,0.5428571428571428,0.5267857142857143,7,31,25,7,0.30434782608695654,0.22220670096563172,0.5331632653061225,0.20180246696464596
29,29,Atezo,BLCA,LR,auslander_LCC,0.5571428571428572,0.45535714285714285,4,35,21,10,0.20512820512820512,0.1939720649835283,0.49489795918367346,0.17869594823640353
30,30,Atezo,BLCA,LR,auslander_LCC,0.6285714285714286,0.6071428571428572,8,36,20,6,0.38095238095238093,0.2935847241759249,0.6658163265306123,0.2679352734094451
31,31,Atezo,BLCA,LR,auslander_LCC,0.6285714285714286,0.5803571428571428,7,37,19,7,0.35000000000000003,0.2644084109357248,0.6033163265306123,0.23812472913975488
32,32,Atezo,BLCA,LR,auslander_LCC,0.6714285714285714,0.6339285714285714,8,39,17,6,0.41025641025641024,0.2583980594396003,0.5867346938775511,0.23433918156395336
33,33,Atezo,BLCA,LR,auslander_LCC,0.6857142857142857,0.6696428571428572,9,39,17,5,0.45,0.2882625180251754,0.6301020408163266,0.26063230291250256
34,34,Atezo,BLCA,LR,auslander_LCC,0.6142857142857143,0.5714285714285714,7,36,20,7,0.3414634146341463,0.2975507918910602,0.6645408163265307,0.26956391673010816
35,35,Atezo,BLCA,LR,auslander_LCC,0.6285714285714286,0.6071428571428572,8,36,20,6,0.38095238095238093,0.25484125143849873,0.5994897959183674,0.22984276998703232
36,36,Atezo,BLCA,LR,auslander_LCC,0.6428571428571429,0.6160714285714286,8,37,19,6,0.3902439024390244,0.372930405542667,0.625,0.35259293524870794
37,37,Atezo,BLCA,LR,auslander_LCC,0.5714285714285714,0.5446428571428572,7,33,23,7,0.3181818181818182,0.2460023656784926,0.4783163265306123,0.21180240977428802
38,38,Atezo,BLCA,LR,auslander_LCC,0.6285714285714286,0.6071428571428572,8,36,20,6,0.38095238095238093,0.36822042964849977,0.6632653061224489,0.3292129922478773
39,39,Atezo,BLCA,LR,auslander_LCC,0.7,0.6785714285714286,9,40,16,5,0.4615384615384615,0.3483388768226292,0.6887755102040816,0.31577075783729486
40,40,Atezo,BLCA,LR,auslander_LCC,0.6428571428571429,0.6160714285714286,8,37,19,6,0.3902439024390244,0.2928495223545462,0.6556122448979591,0.26741268252826256
41,41,Atezo,BLCA,LR,auslander_LCC,0.6714285714285714,0.5535714285714286,5,42,14,9,0.30303030303030304,0.2718741397724435,0.5867346938775511,0.24456481329949428
42,42,Atezo,BLCA,LR,auslander_LCC,0.5285714285714286,0.4910714285714286,6,31,25,8,0.26666666666666666,0.285002497384759,0.6033163265306123,0.24990391916988822
43,43,Atezo,BLCA,LR,auslander_LCC,0.5714285714285714,0.5178571428571428,6,34,22,8,0.2857142857142857,0.20733773712277126,0.49107142857142855,0.187742024763023
44,44,Atezo,BLCA,LR,auslander_LCC,0.5714285714285714,0.5178571428571428,6,34,22,8,0.2857142857142857,0.3121986672504554,0.586734693877551,0.294676424346346
45,45,Atezo,BLCA,LR,auslander_LCC,0.7142857142857143,0.6875,9,41,15,5,0.4736842105263159,0.3232202222976372,0.6556122448979592,0.2945399722103168
46,46,Atezo,BLCA,LR,auslander_LCC,0.6571428571428571,0.5714285714285714,6,40,16,8,0.33333333333333326,0.31681096170338574,0.6505102040816326,0.28517512418746993
47,47,Atezo,BLCA,LR,auslander_LCC,0.6,0.5892857142857142,8,34,22,6,0.36363636363636365,0.31736619473372835,0.6811224489795918,0.28884059696770514
48,48,Atezo,BLCA,LR,auslander_LCC,0.6714285714285714,0.5803571428571428,6,41,15,8,0.34285714285714286,0.3070440527242376,0.5561224489795918,0.27506163876725404
49,49,Atezo,BLCA,LR,auslander_LCC,0.6285714285714286,0.5803571428571428,7,37,19,7,0.35000000000000003,0.2833059585434695,0.6403061224489796,0.2563960510864488
50,50,Atezo,BLCA,LR,auslander_LCC,0.6428571428571429,0.5625,6,39,17,8,0.3243243243243243,0.32254042539560535,0.6275510204081632,0.2843367022753481
51,51,Atezo,BLCA,LR,auslander_LCC,0.5857142857142857,0.5535714285714286,7,34,22,7,0.32558139534883723,0.25441732349598073,0.5867346938775511,0.22887859365115432
52,52,Atezo,BLCA,LR,auslander_LCC,0.6428571428571429,0.6160714285714286,8,37,19,6,0.3902439024390244,0.3536890455095418,0.7079081632653061,0.3151648579460619
53,53,Atezo,BLCA,LR,auslander_LCC,0.6714285714285714,0.6875,10,37,19,4,0.46511627906976755,0.3216223318079875,0.7334183673469388,0.29627591953513027
54,54,Atezo,BLCA,LR,auslander_LCC,0.5571428571428572,0.5892857142857143,9,30,26,5,0.36734693877551017,0.26307137328078384,0.5790816326530612,0.22896136455875074
55,55,Atezo,BLCA,LR,auslander_LCC,0.5714285714285714,0.5446428571428572,7,33,23,7,0.3181818181818182,0.23943591000314485,0.5510204081632654,0.21609712655911117
56,56,Atezo,BLCA,LR,auslander_LCC,0.7,0.5446428571428572,4,45,11,10,0.2758620689655172,0.27522866255455924,0.5892857142857143,0.24026289552921376
57,57,Atezo,BLCA,LR,auslander_LCC,0.7428571428571429,0.6785714285714286,8,44,12,6,0.47058823529411764,0.3995564268284111,0.7091836734693878,0.36562020171427806
58,58,Atezo,BLCA,LR,auslander_LCC,0.5571428571428572,0.4821428571428571,5,34,22,9,0.24390243902439024,0.2354568832564251,0.5369897959183674,0.20491613280849372
59,59,Atezo,BLCA,LR,auslander_LCC,0.6285714285714286,0.6071428571428572,8,36,20,6,0.38095238095238093,0.31421521946887027,0.6836734693877551,0.287238628907098
60,60,Atezo,BLCA,LR,auslander_LCC,0.6285714285714286,0.5803571428571428,7,37,19,7,0.35000000000000003,0.2529340512691748,0.5561224489795918,0.22645782089745134
61,61,Atezo,BLCA,LR,auslander_LCC,0.6285714285714286,0.6607142857142857,10,34,22,4,0.43478260869565216,0.39812523785738074,0.7079081632653061,0.35849889632806303
62,62,Atezo,BLCA,LR,auslander_LCC,0.6428571428571429,0.6428571428571429,9,36,20,5,0.4186046511627907,0.266641766263615,0.6109693877551021,0.24067156120883923
63,63,Atezo,BLCA,LR,auslander_LCC,0.5857142857142857,0.5535714285714286,7,34,22,7,0.32558139534883723,0.34530025138587017,0.6683673469387754,0.31259284619776045
64,64,Atezo,BLCA,LR,auslander_LCC,0.6285714285714286,0.6339285714285714,9,35,21,5,0.4090909090909091,0.2813416112889246,0.5931122448979591,0.25323850285018246
65,65,Atezo,BLCA,LR,auslander_LCC,0.6857142857142857,0.6696428571428572,9,39,17,5,0.45,0.375643272483071,0.7436224489795918,0.3372513944085385
66,66,Atezo,BLCA,LR,auslander_LCC,0.6142857142857143,0.49107142857142855,4,39,17,10,0.22857142857142854,0.24731174154131066,0.4579081632653061,0.217648442350322
67,67,Atezo,BLCA,LR,auslander_LCC,0.6714285714285714,0.6607142857142858,9,38,18,5,0.43902439024390244,0.345575718549202,0.6900510204081632,0.31326334544397344
68,68,Atezo,BLCA,LR,auslander_LCC,0.6428571428571429,0.6696428571428572,10,35,21,4,0.4444444444444444,0.3579550531402854,0.6772959183673469,0.3245251508993775
69,69,Atezo,BLCA,LR,auslander_LCC,0.5857142857142857,0.5,5,36,20,9,0.25641025641025644,0.23344989473030775,0.5420918367346939,0.212062134289166
70,70,Atezo,BLCA,LR,auslander_LCC,0.6428571428571429,0.6428571428571429,9,36,20,5,0.4186046511627907,0.2759490031957132,0.6224489795918369,0.2526403441064968
71,71,Atezo,BLCA,LR,auslander_LCC,0.7428571428571429,0.6785714285714286,8,44,12,6,0.47058823529411764,0.4112246084218897,0.7321428571428572,0.37728006526489516
72,72,Atezo,BLCA,LR,auslander_LCC,0.5714285714285714,0.5982142857142858,9,31,25,5,0.37499999999999994,0.2877348506323347,0.6313775510204082,0.26154250903544396
73,73,Atezo,BLCA,LR,auslander_LCC,0.6142857142857143,0.5982142857142857,8,35,21,6,0.37209302325581395,0.24415197040003755,0.5433673469387755,0.22062639479075333
74,74,Atezo,BLCA,LR,auslander_LCC,0.7142857142857143,0.6339285714285714,7,43,13,7,0.4117647058823529,0.35582268338782463,0.7130102040816327,0.3179090161469409
75,75,Atezo,BLCA,LR,auslander_LCC,0.6,0.48214285714285715,4,38,18,10,0.2222222222222222,0.29522318896816524,0.5727040816326531,0.264110743707471
76,76,Atezo,BLCA,LR,auslander_LCC,0.7428571428571429,0.6517857142857143,7,45,11,7,0.43750000000000006,0.3047804185819953,0.625,0.2782093320070081
77,77,Atezo,BLCA,LR,auslander_LCC,0.5428571428571428,0.5,6,32,24,8,0.27272727272727276,0.2727473836754821,0.5293367346938775,0.24209500611840012
78,78,Atezo,BLCA,LR,auslander_LCC,0.6428571428571429,0.6160714285714286,8,37,19,6,0.3902439024390244,0.3054183161694948,0.6466836734693878,0.2744501146588233
79,79,Atezo,BLCA,LR,auslander_LCC,0.6714285714285714,0.5803571428571428,6,41,15,8,0.34285714285714286,0.28255407608442584,0.6466836734693877,0.25318115822191334
80,80,Atezo,BLCA,LR,auslander_LCC,0.6142857142857143,0.5446428571428571,6,37,19,8,0.30769230769230765,0.2696230674941171,0.5982142857142857,0.24422534333534662
81,81,Atezo,BLCA,LR,auslander_LCC,0.6571428571428571,0.6517857142857143,9,37,19,5,0.4285714285714286,0.3829701054632402,0.6198979591836735,0.36211370862502945
82,82,Atezo,BLCA,LR,auslander_LCC,0.6571428571428571,0.5982142857142857,7,39,17,7,0.3684210526315789,0.27964730951669203,0.5918367346938775,0.24478548611929452
83,83,Atezo,BLCA,LR,auslander_LCC,0.6,0.5892857142857142,8,34,22,6,0.36363636363636365,0.23497375479667285,0.5854591836734694,0.21317293824059932
84,84,Atezo,BLCA,LR,auslander_LCC,0.6,0.5357142857142857,6,36,20,8,0.3,0.22342165539217612,0.5267857142857142,0.20018022688149498
85,85,Atezo,BLCA,LR,auslander_LCC,0.6142857142857143,0.5178571428571429,5,38,18,9,0.27027027027027023,0.20521483658920364,0.5076530612244898,0.1889719653482716
86,86,Atezo,BLCA,LR,auslander_LCC,0.5571428571428572,0.5357142857142857,7,32,24,7,0.3111111111111111,0.4057086721883246,0.6224489795918368,0.3910258088727028
87,87,Atezo,BLCA,LR,auslander_LCC,0.5714285714285714,0.4107142857142857,2,38,18,12,0.11764705882352941,0.22549142727894267,0.4336734693877551,0.19302305844174897
88,88,Atezo,BLCA,LR,auslander_LCC,0.5714285714285714,0.5178571428571428,6,34,22,8,0.2857142857142857,0.28204067752477757,0.5637755102040817,0.24554921329136642
89,89,Atezo,BLCA,LR,auslander_LCC,0.5857142857142857,0.5,5,36,20,9,0.25641025641025644,0.2594325878722875,0.49872448979591844,0.22424437767153999
90,90,Atezo,BLCA,LR,auslander_LCC,0.5857142857142857,0.5803571428571428,8,33,23,6,0.35555555555555557,0.307921691549096,0.6364795918367346,0.2760974898587049
91,91,Atezo,BLCA,LR,auslander_LCC,0.5571428571428572,0.5357142857142857,7,32,24,7,0.3111111111111111,0.22006018204994482,0.5267857142857143,0.19998870509146086
92,92,Atezo,BLCA,LR,auslander_LCC,0.6,0.5089285714285714,5,37,19,9,0.2631578947368421,0.24859371948221642,0.47193877551020413,0.214267249741765
93,93,Atezo,BLCA,LR,auslander_LCC,0.6285714285714286,0.5803571428571428,7,37,19,7,0.35000000000000003,0.3503865913456466,0.6811224489795918,0.3228364560420152
94,94,Atezo,BLCA,LR,auslander_LCC,0.7142857142857143,0.6071428571428571,6,44,12,8,0.375,0.363367293631914,0.5943877551020408,0.3258612824839025
95,95,Atezo,BLCA,LR,auslander_LCC,0.6,0.5625,7,35,21,7,0.3333333333333333,0.24411939773360822,0.5739795918367347,0.21934755486001722
96,96,Atezo,BLCA,LR,auslander_LCC,0.6857142857142857,0.6160714285714286,7,41,15,7,0.3888888888888889,0.26453638320751927,0.5905612244897959,0.24036202981563465
97,97,Atezo,BLCA,LR,auslander_LCC,0.6,0.5625,7,35,21,7,0.3333333333333333,0.22204899897231367,0.5484693877551021,0.20314143497441728
98,98,Atezo,BLCA,LR,auslander_LCC,0.5714285714285714,0.4375,3,37,19,11,0.16666666666666663,0.17875669175631798,0.4375,0.1634263326545329
99,99,Atezo,BLCA,LR,auslander_LCC,0.6571428571428571,0.625,8,38,18,6,0.4,0.3225608719097395,0.6670918367346939,0.2901853431617008
0,0,Atezo,BLCA,LR,auslander_wm,0.5,0.5267857142857143,8,27,29,6,0.3137254901960784,0.317367710228062,0.5676020408163266,0.2992240143944105
1,1,Atezo,BLCA,LR,auslander_wm,0.5714285714285714,0.5982142857142858,9,31,25,5,0.37499999999999994,0.24992649972503797,0.5714285714285714,0.22554937800364452
2,2,Atezo,BLCA,LR,auslander_wm,0.6,0.5625,7,35,21,7,0.3333333333333333,0.23269631425556112,0.5548469387755102,0.20699782448862242
3,3,Atezo,BLCA,LR,auslander_wm,0.4714285714285714,0.4285714285714286,5,28,28,9,0.21276595744680848,0.251609306553535,0.5012755102040816,0.21684452060591858
4,4,Atezo,BLCA,LR,auslander_wm,0.5,0.4732142857142857,6,29,27,8,0.2553191489361702,0.21707093805992062,0.48086734693877553,0.1868922795672865
5,5,Atezo,BLCA,LR,auslander_wm,0.6428571428571429,0.6428571428571429,9,36,20,5,0.4186046511627907,0.31058160707740856,0.6517857142857143,0.2744572201358884
6,6,Atezo,BLCA,LR,auslander_wm,0.6,0.6428571428571428,10,32,24,4,0.4166666666666667,0.32768636234107,0.6670918367346939,0.29819342981135927
7,7,Atezo,BLCA,LR,auslander_wm,0.5571428571428572,0.5625,8,31,25,6,0.3404255319148936,0.2651802008794806,0.6173469387755102,0.23894771474080775
8,8,Atezo,BLCA,LR,auslander_wm,0.5428571428571428,0.4732142857142857,5,33,23,9,0.2380952380952381,0.22711096639936912,0.5165816326530612,0.2022704747243143
9,9,Atezo,BLCA,LR,auslander_wm,0.5714285714285714,0.5714285714285714,8,32,24,6,0.34782608695652173,0.32980916777458913,0.5918367346938775,0.3110135018744534
10,10,Atezo,BLCA,LR,auslander_wm,0.5142857142857142,0.4821428571428571,6,30,26,8,0.26086956521739124,0.19284243283238037,0.47576530612244894,0.17700536527659028
11,11,Atezo,BLCA,LR,auslander_wm,0.6,0.5357142857142857,6,36,20,8,0.3,0.2782627935145837,0.6352040816326531,0.24437448855816135
12,12,Atezo,BLCA,LR,auslander_wm,0.5428571428571428,0.5267857142857143,7,31,25,7,0.30434782608695654,0.3018372883565692,0.6211734693877551,0.26572602803646017
13,13,Atezo,BLCA,LR,auslander_wm,0.4857142857142857,0.4642857142857143,6,28,28,8,0.25,0.3132354840895213,0.5420918367346939,0.29463058291794475
14,14,Atezo,BLCA,LR,auslander_wm,0.6,0.5357142857142857,6,36,20,8,0.3,0.28828619457217664,0.6224489795918368,0.2599340328010375
15,15,Atezo,BLCA,LR,auslander_wm,0.4714285714285714,0.45535714285714285,6,27,29,8,0.24489795918367346,0.25377149473782623,0.5395408163265307,0.22869086471120034
16,16,Atezo,BLCA,LR,auslander_wm,0.6142857142857143,0.6785714285714286,11,32,24,3,0.44897959183673464,0.543491759892407,0.7806122448979591,0.5304918399584867
17,17,Atezo,BLCA,LR,auslander_wm,0.5714285714285714,0.5714285714285714,8,32,24,6,0.34782608695652173,0.36550361810189147,0.6096938775510204,0.3526497097947201
18,18,Atezo,BLCA,LR,auslander_wm,0.5285714285714286,0.5178571428571428,7,30,26,7,0.2978723404255319,0.29277661922594833,0.5816326530612245,0.26182003656708225
19,19,Atezo,BLCA,LR,auslander_wm,0.5285714285714286,0.4375,4,33,23,10,0.1951219512195122,0.2865462426471326,0.548469387755102,0.2707733382486266
20,20,Atezo,BLCA,LR,auslander_wm,0.5857142857142857,0.5535714285714286,7,34,22,7,0.32558139534883723,0.2720993316690046,0.5892857142857143,0.2417597167372567
21,21,Atezo,BLCA,LR,auslander_wm,0.6428571428571429,0.6696428571428572,10,35,21,4,0.4444444444444444,0.3663934331464307,0.6875,0.3480531588460807
22,22,Atezo,BLCA,LR,auslander_wm,0.5857142857142857,0.5,5,36,20,9,0.25641025641025644,0.2462848124069686,0.586734693877551,0.2194532780161605
23,23,Atezo,BLCA,LR,auslander_wm,0.6285714285714286,0.6607142857142857,10,34,22,4,0.43478260869565216,0.38660583555772743,0.715561224489796,0.3671163401676998
24,24,Atezo,BLCA,LR,auslander_wm,0.6,0.5892857142857142,8,34,22,6,0.36363636363636365,0.3329934893940819,0.6275510204081634,0.3141601487979714
25,25,Atezo,BLCA,LR,auslander_wm,0.6285714285714286,0.6071428571428572,8,36,20,6,0.38095238095238093,0.2513308073936896,0.5727040816326531,0.2253575262103424
26,26,Atezo,BLCA,LR,auslander_wm,0.5285714285714286,0.5178571428571428,7,30,26,7,0.2978723404255319,0.3046705402884047,0.5943877551020408,0.2881435566713726
27,27,Atezo,BLCA,LR,auslander_wm,0.42857142857142855,0.375,4,26,30,10,0.16666666666666666,0.3235133776042073,0.44897959183673475,0.3122923173721246
28,28,Atezo,BLCA,LR,auslander_wm,0.6,0.6428571428571428,10,32,24,4,0.4166666666666667,0.4003414269699388,0.6645408163265306,0.38631824370142687
29,29,Atezo,BLCA,LR,auslander_wm,0.6285714285714286,0.6875,11,33,23,3,0.45833333333333326,0.44769592663509866,0.7385204081632654,0.4082740609583894
30,30,Atezo,BLCA,LR,auslander_wm,0.5285714285714286,0.5714285714285714,9,28,28,5,0.35294117647058826,0.3323973960700157,0.6275510204081632,0.2993758824440173
31,31,Atezo,BLCA,LR,auslander_wm,0.5857142857142857,0.5267857142857143,6,35,21,8,0.29268292682926833,0.37132963177363776,0.6415816326530612,0.3510018308632097
32,32,Atezo,BLCA,LR,auslander_wm,0.6428571428571429,0.6696428571428572,10,35,21,4,0.4444444444444444,0.4471646248397674,0.7270408163265306,0.4258568038015179
33,33,Atezo,BLCA,LR,auslander_wm,0.5,0.4732142857142857,6,29,27,8,0.2553191489361702,0.2105585276164658,0.4961734693877551,0.18770657502537216
34,34,Atezo,BLCA,LR,auslander_wm,0.5857142857142857,0.44642857142857145,3,38,18,11,0.17142857142857143,0.2155069854592664,0.5382653061224489,0.19707147282564533
35,35,Atezo,BLCA,LR,auslander_wm,0.6428571428571429,0.6696428571428572,10,35,21,4,0.4444444444444444,0.36514749558763265,0.7244897959183674,0.3355154307083253
36,36,Atezo,BLCA,LR,auslander_wm,0.5428571428571428,0.6071428571428572,10,28,28,4,0.3846153846153846,0.33856301821223317,0.6454081632653061,0.30038176392246146
37,37,Atezo,BLCA,LR,auslander_wm,0.6142857142857143,0.5982142857142857,8,35,21,6,0.37209302325581395,0.266650107450713,0.6301020408163265,0.24263595174423774
38,38,Atezo,BLCA,LR,auslander_wm,0.6285714285714286,0.6071428571428572,8,36,20,6,0.38095238095238093,0.3199541832543294,0.5752551020408163,0.2821595300206872
39,39,Atezo,BLCA,LR,auslander_wm,0.5428571428571428,0.5,6,32,24,8,0.27272727272727276,0.20698760972971253,0.5153061224489797,0.18976594924036944
40,40,Atezo,BLCA,LR,auslander_wm,0.5428571428571428,0.6071428571428572,10,28,28,4,0.3846153846153846,0.41361720156193593,0.6875,0.3931764258627677
41,41,Atezo,BLCA,LR,auslander_wm,0.5857142857142857,0.6339285714285714,10,31,25,4,0.40816326530612246,0.3324827579275636,0.7002551020408163,0.30384330809269017
42,42,Atezo,BLCA,LR,auslander_wm,0.5714285714285714,0.5446428571428572,7,33,23,7,0.3181818181818182,0.26285965969111247,0.5854591836734694,0.23378151959328397
43,43,Atezo,BLCA,LR,auslander_wm,0.5142857142857142,0.5625,9,27,29,5,0.34615384615384615,0.3148088895273587,0.6198979591836735,0.27724822646090935
44,44,Atezo,BLCA,LR,auslander_wm,0.5571428571428572,0.4821428571428571,5,34,22,9,0.24390243902439024,0.2769943923881305,0.5408163265306123,0.2627540100682828
45,45,Atezo,BLCA,LR,auslander_wm,0.5857142857142857,0.5267857142857143,6,35,21,8,0.29268292682926833,0.2885133715102566,0.5676020408163265,0.273324029618849
46,46,Atezo,BLCA,LR,auslander_wm,0.6,0.4285714285714286,2,40,16,12,0.125,0.29255241801630827,0.548469387755102,0.2762679264480209
47,47,Atezo,BLCA,LR,auslander_wm,0.5428571428571428,0.4732142857142857,5,33,23,9,0.2380952380952381,0.19708056939444307,0.46811224489795916,0.1761423908092404
48,48,Atezo,BLCA,LR,auslander_wm,0.5428571428571428,0.5267857142857143,7,31,25,7,0.30434782608695654,0.21318109247203887,0.5446428571428571,0.1958703917814503
49,49,Atezo,BLCA,LR,auslander_wm,0.5571428571428572,0.5892857142857143,9,30,26,5,0.36734693877551017,0.31999548590744,0.6301020408163265,0.28252353528240776
50,50,Atezo,BLCA,LR,auslander_wm,0.6142857142857143,0.5714285714285714,7,36,20,7,0.3414634146341463,0.31750434412541995,0.6301020408163265,0.30105149237959394
51,51,Atezo,BLCA,LR,auslander_wm,0.5285714285714286,0.5178571428571428,7,30,26,7,0.2978723404255319,0.32660357336938495,0.5956632653061225,0.3077553232443906
52,52,Atezo,BLCA,LR,auslander_wm,0.5571428571428572,0.5625,8,31,25,6,0.3404255319148936,0.2891029777140553,0.6045918367346939,0.2611513281542288
53,53,Atezo,BLCA,LR,auslander_wm,0.5285714285714286,0.4910714285714286,6,31,25,8,0.26666666666666666,0.28093646740600314,0.5178571428571428,0.2649599189438056
54,54,Atezo,BLCA,LR,auslander_wm,0.4714285714285714,0.48214285714285715,7,26,30,7,0.2745098039215686,0.3410417762082375,0.5242346938775511,0.3287773436718271
55,55,Atezo,BLCA,LR,auslander_wm,0.5142857142857142,0.5625,9,27,29,5,0.34615384615384615,0.2706180291436232,0.5727040816326531,0.24028152489213606
56,56,Atezo,BLCA,LR,auslander_wm,0.5571428571428572,0.4821428571428571,5,34,22,9,0.24390243902439024,0.2624054104185395,0.6326530612244898,0.24027175736324544
57,57,Atezo,BLCA,LR,auslander_wm,0.5428571428571428,0.5267857142857143,7,31,25,7,0.30434782608695654,0.3320973930069332,0.6224489795918368,0.3138807872723831
58,58,Atezo,BLCA,LR,auslander_wm,0.5571428571428572,0.5625,8,31,25,6,0.3404255319148936,0.2693380754353346,0.6122448979591837,0.24011031490037044
59,59,Atezo,BLCA,LR,auslander_wm,0.6285714285714286,0.6071428571428572,8,36,20,6,0.38095238095238093,0.3140195908241021,0.6505102040816326,0.2778008706314896
60,60,Atezo,BLCA,LR,auslander_wm,0.5571428571428572,0.5892857142857143,9,30,26,5,0.36734693877551017,0.27271406538323834,0.6313775510204082,0.2473426998288785
61,61,Atezo,BLCA,LR,auslander_wm,0.5428571428571428,0.5535714285714286,8,30,26,6,0.3333333333333333,0.28293650557738137,0.586734693877551,0.2471361976672682
62,62,Atezo,BLCA,LR,auslander_wm,0.5571428571428572,0.5892857142857143,9,30,26,5,0.36734693877551017,0.2502295773713572,0.5637755102040816,0.22285837993265906
63,63,Atezo,BLCA,LR,auslander_wm,0.6428571428571429,0.6428571428571429,9,36,20,5,0.4186046511627907,0.34890775449852524,0.6887755102040816,0.31062370950961077
64,64,Atezo,BLCA,LR,auslander_wm,0.6,0.5892857142857142,8,34,22,6,0.36363636363636365,0.44324837362270175,0.6135204081632653,0.43186630609015453
65,65,Atezo,BLCA,LR,auslander_wm,0.5428571428571428,0.5535714285714286,8,30,26,6,0.3333333333333333,0.37201907057059647,0.5548469387755102,0.35993035759385816
66,66,Atezo,BLCA,LR,auslander_wm,0.6,0.5089285714285714,5,37,19,9,0.2631578947368421,0.3346724213789135,0.5714285714285714,0.3152083352732338
67,67,Atezo,BLCA,LR,auslander_wm,0.5714285714285714,0.5178571428571428,6,34,22,8,0.2857142857142857,0.38401405575377223,0.6007653061224489,0.3703438154820431
68,68,Atezo,BLCA,LR,auslander_wm,0.6,0.5089285714285714,5,37,19,9,0.2631578947368421,0.24625678476887422,0.5076530612244897,0.21694489736130862
69,69,Atezo,BLCA,LR,auslander_wm,0.5857142857142857,0.6071428571428572,9,32,24,5,0.3829787234042553,0.28853427252694364,0.6313775510204083,0.26033377843758293
70,70,Atezo,BLCA,LR,auslander_wm,0.6,0.5892857142857142,8,34,22,6,0.36363636363636365,0.2626703668564234,0.6084183673469388,0.2349180953892308
71,71,Atezo,BLCA,LR,auslander_wm,0.5428571428571428,0.5803571428571429,9,29,27,5,0.36,0.24474666305743095,0.5816326530612245,0.21812666324740554
72,72,Atezo,BLCA,LR,auslander_wm,0.6142857142857143,0.5982142857142857,8,35,21,6,0.37209302325581395,0.2731565659653926,0.6147959183673468,0.24584419681264408
73,73,Atezo,BLCA,LR,auslander_wm,0.5428571428571428,0.5535714285714286,8,30,26,6,0.3333333333333333,0.3040214165151959,0.6084183673469388,0.2671452060647728
74,74,Atezo,BLCA,LR,auslander_wm,0.5285714285714286,0.4910714285714286,6,31,25,8,0.26666666666666666,0.2307649564963934,0.5114795918367347,0.1989914223358175
75,75,Atezo,BLCA,LR,auslander_wm,0.5428571428571428,0.5,6,32,24,8,0.27272727272727276,0.23570670716786693,0.5727040816326531,0.2100736995001225
76,76,Atezo,BLCA,LR,auslander_wm,0.5428571428571428,0.5803571428571429,9,29,27,5,0.36,0.24456182433704798,0.5599489795918368,0.22268717462252302
77,77,Atezo,BLCA,LR,auslander_wm,0.6142857142857143,0.5982142857142857,8,35,21,6,0.37209302325581395,0.26102944908820486,0.6352040816326531,0.2399877644061899
78,78,Atezo,BLCA,LR,auslander_wm,0.5142857142857142,0.4017857142857143,3,33,23,11,0.15,0.19437439482463242,0.44642857142857145,0.17121955081497037
79,79,Atezo,BLCA,LR,auslander_wm,0.5714285714285714,0.4910714285714286,5,35,21,9,0.25,0.214855402014403,0.5306122448979592,0.19424718043112835
80,80,Atezo,BLCA,LR,auslander_wm,0.5714285714285714,0.5982142857142858,9,31,25,5,0.37499999999999994,0.2758849313951355,0.6262755102040817,0.2518547965338121
81,81,Atezo,BLCA,LR,auslander_wm,0.5714285714285714,0.5714285714285714,8,32,24,6,0.34782608695652173,0.27783835003178703,0.5982142857142857,0.24796912177699731
82,82,Atezo,BLCA,LR,auslander_wm,0.5285714285714286,0.5714285714285714,9,28,28,5,0.35294117647058826,0.20502240161380186,0.5140306122448979,0.18746461124170982
83,83,Atezo,BLCA,LR,auslander_wm,0.6,0.48214285714285715,4,38,18,10,0.2222222222222222,0.24924877102068305,0.5650510204081632,0.21708064442946595
84,84,Atezo,BLCA,LR,auslander_wm,0.4714285714285714,0.5089285714285714,8,25,31,6,0.3018867924528302,0.2750017063938016,0.5943877551020409,0.2506484236178738
85,85,Atezo,BLCA,LR,auslander_wm,0.4714285714285714,0.4017857142857143,4,29,27,10,0.17777777777777778,0.20797118502135586,0.5114795918367347,0.18812248124365713
86,86,Atezo,BLCA,LR,auslander_wm,0.5285714285714286,0.4107142857142857,3,34,22,11,0.15384615384615383,0.1908514914634304,0.45153061224489793,0.1725514595115637
87,87,Atezo,BLCA,LR,auslander_wm,0.4857142857142857,0.5446428571428572,9,25,31,5,0.33333333333333337,0.26485905115218766,0.5867346938775511,0.23544084706389667
88,88,Atezo,BLCA,LR,auslander_wm,0.6428571428571429,0.5357142857142857,5,40,16,9,0.2857142857142857,0.3238645402298077,0.6288265306122449,0.30599206330124984
89,89,Atezo,BLCA,LR,auslander_wm,0.4857142857142857,0.5714285714285714,10,24,32,4,0.35714285714285715,0.32546937535289955,0.6007653061224489,0.3070528038668112
90,90,Atezo,BLCA,LR,auslander_wm,0.6142857142857143,0.5982142857142857,8,35,21,6,0.37209302325581395,0.29172544556627694,0.6033163265306123,0.2636875774120991
91,91,Atezo,BLCA,LR,auslander_wm,0.6142857142857143,0.6517857142857143,10,33,23,4,0.42553191489361697,0.3298294528108192,0.6696428571428572,0.297216195873914
92,92,Atezo,BLCA,LR,auslander_wm,0.6285714285714286,0.6607142857142857,10,34,22,4,0.43478260869565216,0.4073925543195701,0.6938775510204083,0.38641343292802244
93,93,Atezo,BLCA,LR,auslander_wm,0.5285714285714286,0.4642857142857143,5,32,24,9,0.23255813953488377,0.23821004030809917,0.49744897959183676,0.20523996086271298
94,94,Atezo,BLCA,LR,auslander_wm,0.5571428571428572,0.5892857142857143,9,30,26,5,0.36734693877551017,0.2621478593693286,0.6096938775510204,0.23775901972887353
95,95,Atezo,BLCA,LR,auslander_wm,0.5142857142857142,0.4553571428571429,5,31,25,9,0.22727272727272724,0.21858253068339226,0.4948979591836735,0.19244419543840496
96,96,Atezo,BLCA,LR,auslander_wm,0.6,0.5892857142857142,8,34,22,6,0.36363636363636365,0.29891832363702975,0.6543367346938775,0.26358601318060104
97,97,Atezo,BLCA,LR,auslander_wm,0.5285714285714286,0.4375,4,33,23,10,0.1951219512195122,0.29057722677750064,0.5216836734693877,0.27371239202415065
98,98,Atezo,BLCA,LR,auslander_wm,0.5857142857142857,0.5267857142857143,6,35,21,8,0.29268292682926833,0.2652436272497063,0.6084183673469388,0.23223101267772314
99,99,Atezo,BLCA,LR,auslander_wm,0.5714285714285714,0.5714285714285714,8,32,24,6,0.34782608695652173,0.286769333468722,0.6275510204081632,0.2520134556093851
0,0,Atezo,BLCA,LR,PD-L1_common,0.6857142857142857,0.6160714285714286,7,41,15,7,0.3888888888888889,0.3852827975719765,0.7079081632653061,0.34556246934179435
1,1,Atezo,BLCA,LR,PD-L1_common,0.6857142857142857,0.6160714285714286,7,41,15,7,0.3888888888888889,0.36464884560987354,0.6339285714285714,0.32554464176470915
2,2,Atezo,BLCA,LR,PD-L1_common,0.7,0.5446428571428572,4,45,11,10,0.2758620689655172,0.2515492602614483,0.5586734693877551,0.22670921435990657
3,3,Atezo,BLCA,LR,PD-L1_common,0.5714285714285714,0.4910714285714286,5,35,21,9,0.25,0.2640134621449213,0.5663265306122449,0.23426004464718353
4,4,Atezo,BLCA,LR,PD-L1_common,0.6857142857142857,0.5892857142857143,6,42,14,8,0.3529411764705882,0.3410222471089682,0.6301020408163265,0.30857870405215143
5,5,Atezo,BLCA,LR,PD-L1_common,0.7142857142857143,0.6607142857142857,8,42,14,6,0.4444444444444444,0.3271247743255127,0.715561224489796,0.29156338796762177
6,6,Atezo,BLCA,LR,PD-L1_common,0.7285714285714285,0.6964285714285714,9,42,14,5,0.4864864864864865,0.3669250368344031,0.7053571428571428,0.3389218282500054
7,7,Atezo,BLCA,LR,PD-L1_common,0.7428571428571429,0.6517857142857143,7,45,11,7,0.43750000000000006,0.33161372061777294,0.6352040816326531,0.2987016697658791
8,8,Atezo,BLCA,LR,PD-L1_common,0.6857142857142857,0.5089285714285714,3,45,11,11,0.21428571428571427,0.32396300731711736,0.5650510204081632,0.3051043121593261
9,9,Atezo,BLCA,LR,PD-L1_common,0.7285714285714285,0.6696428571428572,8,43,13,6,0.4571428571428571,0.43685534986555397,0.7448979591836735,0.4030209978204348
10,10,Atezo,BLCA,LR,PD-L1_common,0.7285714285714285,0.6160714285714286,6,45,11,8,0.3870967741935484,0.28124702490003467,0.6135204081632654,0.2544139878609803
11,11,Atezo,BLCA,LR,PD-L1_common,0.6428571428571429,0.5625,6,39,17,8,0.3243243243243243,0.2457806497310245,0.5841836734693877,0.22253917917695246
12,12,Atezo,BLCA,LR,PD-L1_common,0.6857142857142857,0.5625,5,43,13,9,0.31250000000000006,0.35675728571981297,0.7104591836734694,0.3182231134774807
13,13,Atezo,BLCA,LR,PD-L1_common,0.7142857142857143,0.5803571428571429,5,45,11,9,0.3333333333333333,0.2991206774591868,0.6543367346938775,0.26917903163849916
14,14,Atezo,BLCA,LR,PD-L1_common,0.6571428571428571,0.5446428571428571,5,41,15,9,0.2941176470588235,0.2324405862520836,0.524234693877551,0.20542159084509348
15,15,Atezo,BLCA,LR,PD-L1_common,0.6714285714285714,0.5535714285714286,5,42,14,9,0.30303030303030304,0.3163156044049781,0.600765306122449,0.27885044410949394
16,16,Atezo,BLCA,LR,PD-L1_common,0.8,0.6339285714285714,5,51,5,9,0.41666666666666663,0.3761739321317724,0.715561224489796,0.34249189609814285
17,17,Atezo,BLCA,LR,PD-L1_common,0.7428571428571429,0.6785714285714286,8,44,12,6,0.47058823529411764,0.3202940310346784,0.7206632653061225,0.29395446067890796
18,18,Atezo,BLCA,LR,PD-L1_common,0.6285714285714286,0.5803571428571428,7,37,19,7,0.35000000000000003,0.3116584277891855,0.6441326530612246,0.2751499172842326
19,19,Atezo,BLCA,LR,PD-L1_common,0.6857142857142857,0.6428571428571428,8,40,16,6,0.4210526315789474,0.3180887031904281,0.7130102040816326,0.2903614341495415
20,20,Atezo,BLCA,LR,PD-L1_common,0.7,0.6517857142857142,8,41,15,6,0.4324324324324324,0.3372932097784784,0.6785714285714286,0.31003370468446106
21,21,Atezo,BLCA,LR,PD-L1_common,0.6857142857142857,0.6428571428571428,8,40,16,6,0.4210526315789474,0.2978095978143804,0.6313775510204082,0.2721831307628878
22,22,Atezo,BLCA,LR,PD-L1_common,0.6857142857142857,0.5357142857142857,4,44,12,10,0.26666666666666666,0.30851018295482474,0.5969387755102041,0.2708818788565282
23,23,Atezo,BLCA,LR,PD-L1_common,0.7285714285714285,0.6428571428571428,7,44,12,7,0.4242424242424242,0.5673016388256784,0.7448979591836735,0.5576987665586124
24,24,Atezo,BLCA,LR,PD-L1_common,0.6857142857142857,0.6160714285714286,7,41,15,7,0.3888888888888889,0.2807649775876377,0.6581632653061225,0.2600340732876258
25,25,Atezo,BLCA,LR,PD-L1_common,0.6857142857142857,0.6160714285714286,7,41,15,7,0.3888888888888889,0.43181257511512494,0.7525510204081632,0.41030934410227426
26,26,Atezo,BLCA,LR,PD-L1_common,0.6857142857142857,0.6964285714285714,10,38,18,4,0.4761904761904762,0.41408569923099886,0.725765306122449,0.3833961034676476
27,27,Atezo,BLCA,LR,PD-L1_common,0.7142857142857143,0.6339285714285714,7,43,13,7,0.4117647058823529,0.3619811538436939,0.6237244897959184,0.32934875926855284
28,28,Atezo,BLCA,LR,PD-L1_common,0.6714285714285714,0.5,3,44,12,11,0.20689655172413796,0.232902069818346,0.5420918367346939,0.20981951584380573
29,29,Atezo,BLCA,LR,PD-L1_common,0.6285714285714286,0.5,4,40,16,10,0.23529411764705882,0.2287808378222463,0.5663265306122449,0.2095883227144033
30,30,Atezo,BLCA,LR,PD-L1_common,0.7285714285714285,0.5625,4,47,9,10,0.29629629629629634,0.2877023707294508,0.6377551020408163,0.2573486207557535
31,31,Atezo,BLCA,LR,PD-L1_common,0.6285714285714286,0.5,4,40,16,10,0.23529411764705882,0.26589498919267324,0.6505102040816326,0.24243684607350527
32,32,Atezo,BLCA,LR,PD-L1_common,0.7142857142857143,0.5803571428571429,5,45,11,9,0.3333333333333333,0.2952557256157799,0.6326530612244898,0.2671530163566567
33,33,Atezo,BLCA,LR,PD-L1_common,0.5857142857142857,0.4196428571428571,2,39,17,12,0.12121212121212122,0.1957687583169635,0.49744897959183676,0.18079785064150075
34,34,Atezo,BLCA,LR,PD-L1_common,0.6714285714285714,0.5803571428571428,6,41,15,8,0.34285714285714286,0.22716012719440404,0.5459183673469388,0.2076405758369251
35,35,Atezo,BLCA,LR,PD-L1_common,0.7571428571428571,0.5803571428571428,4,49,7,10,0.32,0.39979996874568735,0.5943877551020408,0.3853019331601013
36,36,Atezo,BLCA,LR,PD-L1_common,0.6857142857142857,0.5892857142857143,6,42,14,8,0.3529411764705882,0.27003431630764313,0.6135204081632653,0.246668795429152
37,37,Atezo,BLCA,LR,PD-L1_common,0.7428571428571429,0.6517857142857143,7,45,11,7,0.43750000000000006,0.3596478883373874,0.7372448979591837,0.3297071165518661
38,38,Atezo,BLCA,LR,PD-L1_common,0.5857142857142857,0.4732142857142857,4,37,19,10,0.2162162162162162,0.2205172640316274,0.5510204081632653,0.20021394031626796
39,39,Atezo,BLCA,LR,PD-L1_common,0.7285714285714285,0.6160714285714286,6,45,11,8,0.3870967741935484,0.2996083313281243,0.6020408163265306,0.2632034477809377
40,40,Atezo,BLCA,LR,PD-L1_common,0.6714285714285714,0.5,3,44,12,11,0.20689655172413796,0.1999710925226273,0.44897959183673464,0.17744113887959342
41,41,Atezo,BLCA,LR,PD-L1_common,0.7857142857142857,0.7053571428571428,8,47,9,6,0.5161290322580646,0.5529593862585211,0.7308673469387755,0.5382783062526708
42,42,Atezo,BLCA,LR,PD-L1_common,0.7142857142857143,0.5,2,48,8,12,0.16666666666666666,0.22461131242276144,0.5446428571428571,0.20140696348570372
43,43,Atezo,BLCA,LR,PD-L1_common,0.7571428571428571,0.5803571428571428,4,49,7,10,0.32,0.3320847706300668,0.6696428571428572,0.30005196161105024
44,44,Atezo,BLCA,LR,PD-L1_common,0.7,0.625,7,42,14,7,0.4,0.30179566053110435,0.5982142857142858,0.2646423479264014
45,45,Atezo,BLCA,LR,PD-L1_common,0.6571428571428571,0.5446428571428571,5,41,15,9,0.2941176470588235,0.26802629669812406,0.6454081632653061,0.24392669103626377
46,46,Atezo,BLCA,LR,PD-L1_common,0.6428571428571429,0.5625,6,39,17,8,0.3243243243243243,0.29716835415304504,0.6262755102040817,0.26912589996713865
47,47,Atezo,BLCA,LR,PD-L1_common,0.6285714285714286,0.5803571428571428,7,37,19,7,0.35000000000000003,0.3098745291316515,0.673469387755102,0.2790519824953478
48,48,Atezo,BLCA,LR,PD-L1_common,0.7285714285714285,0.6428571428571428,7,44,12,7,0.4242424242424242,0.36763014500464597,0.649234693877551,0.33454487935457883
49,49,Atezo,BLCA,LR,PD-L1_common,0.7142857142857143,0.6071428571428571,6,44,12,8,0.375,0.44959946193073785,0.6849489795918368,0.42843071862099635
50,50,Atezo,BLCA,LR,PD-L1_common,0.7285714285714285,0.6964285714285714,9,42,14,5,0.4864864864864865,0.4287901820504484,0.693877551020408,0.40808018322827444
51,51,Atezo,BLCA,LR,PD-L1_common,0.7142857142857143,0.5803571428571429,5,45,11,9,0.3333333333333333,0.2754171971531537,0.49107142857142855,0.24443196896256603
52,52,Atezo,BLCA,LR,PD-L1_common,0.7714285714285715,0.6160714285714286,5,49,7,9,0.3846153846153846,0.3435533326413318,0.6211734693877551,0.3053695875203544
53,53,Atezo,BLCA,LR,PD-L1_common,0.7571428571428571,0.6339285714285714,6,47,9,8,0.4137931034482759,0.31123552444400704,0.6211734693877552,0.27980066861297603
54,54,Atezo,BLCA,LR,PD-L1_common,0.7428571428571429,0.625,6,46,10,8,0.39999999999999997,0.34497080426684434,0.6428571428571428,0.31189715527871104
55,55,Atezo,BLCA,LR,PD-L1_common,0.6142857142857143,0.5178571428571429,5,38,18,9,0.27027027027027023,0.23692122291971676,0.5510204081632653,0.2101763906231165
56,56,Atezo,BLCA,LR,PD-L1_common,0.7,0.5714285714285714,5,44,12,9,0.3225806451612903,0.29590722106434453,0.6211734693877551,0.2645125892443754
57,57,Atezo,BLCA,LR,PD-L1_common,0.6857142857142857,0.5625,5,43,13,9,0.31250000000000006,0.2806067348930949,0.659438775510204,0.25431149503489126
58,58,Atezo,BLCA,LR,PD-L1_common,0.7428571428571429,0.625,6,46,10,8,0.39999999999999997,0.3425065092290022,0.6020408163265306,0.3041204815893749
59,59,Atezo,BLCA,LR,PD-L1_common,0.6428571428571429,0.5357142857142857,5,40,16,9,0.2857142857142857,0.31489791639843545,0.5459183673469388,0.296447352997563
60,60,Atezo,BLCA,LR,PD-L1_common,0.7,0.625,7,42,14,7,0.4,0.28027001526690026,0.6313775510204082,0.2566656217622226
61,61,Atezo,BLCA,LR,PD-L1_common,0.7142857142857143,0.5535714285714286,4,46,10,10,0.2857142857142857,0.39624724442559467,0.7079081632653061,0.37560453949040307
62,62,Atezo,BLCA,LR,PD-L1_common,0.7285714285714285,0.5357142857142857,3,48,8,11,0.23999999999999996,0.29006418499642483,0.6581632653061225,0.2598530477008911
63,63,Atezo,BLCA,LR,PD-L1_common,0.6,0.5089285714285714,5,37,19,9,0.2631578947368421,0.2437221170028618,0.5089285714285714,0.21457362011653586
64,64,Atezo,BLCA,LR,PD-L1_common,0.6428571428571429,0.5892857142857143,7,38,18,7,0.358974358974359,0.3117738262803784,0.586734693877551,0.27938302712777296
65,65,Atezo,BLCA,LR,PD-L1_common,0.7142857142857143,0.6339285714285714,7,43,13,7,0.4117647058823529,0.39928207896771806,0.653061224489796,0.36009998368418744
66,66,Atezo,BLCA,LR,PD-L1_common,0.7142857142857143,0.5803571428571429,5,45,11,9,0.3333333333333333,0.3283355496278001,0.7283163265306123,0.2984400101311186
67,67,Atezo,BLCA,LR,PD-L1_common,0.6,0.45535714285714285,3,39,17,11,0.1764705882352941,0.21037246561046324,0.5012755102040817,0.19114640679702377
68,68,Atezo,BLCA,LR,PD-L1_common,0.6571428571428571,0.5714285714285714,6,40,16,8,0.33333333333333326,0.30132722653036415,0.6428571428571428,0.2702390339347596
69,69,Atezo,BLCA,LR,PD-L1_common,0.7285714285714285,0.6428571428571428,7,44,12,7,0.4242424242424242,0.348032024515033,0.6696428571428572,0.3181376318726525
70,70,Atezo,BLCA,LR,PD-L1_common,0.7,0.5446428571428572,4,45,11,10,0.2758620689655172,0.24110719841178282,0.4910714285714286,0.21205569254231615
71,71,Atezo,BLCA,LR,PD-L1_common,0.6571428571428571,0.5178571428571428,4,42,14,10,0.25,0.31438986664632107,0.6607142857142857,0.2769379567237676
72,72,Atezo,BLCA,LR,PD-L1_common,0.7285714285714285,0.6428571428571428,7,44,12,7,0.4242424242424242,0.45932075063275923,0.7538265306122449,0.44345863199737245
73,73,Atezo,BLCA,LR,PD-L1_common,0.6571428571428571,0.5446428571428571,5,41,15,9,0.2941176470588235,0.2747373115658077,0.576530612244898,0.24417289712827145
74,74,Atezo,BLCA,LR,PD-L1_common,0.6857142857142857,0.5357142857142857,4,44,12,10,0.26666666666666666,0.3025602637562135,0.5752551020408163,0.2856390548230902
75,75,Atezo,BLCA,LR,PD-L1_common,0.6428571428571429,0.5357142857142857,5,40,16,9,0.2857142857142857,0.2344684969222233,0.5867346938775511,0.21574184345828545
76,76,Atezo,BLCA,LR,PD-L1_common,0.6857142857142857,0.5357142857142857,4,44,12,10,0.26666666666666666,0.2846442287567518,0.6505102040816326,0.2592721446357217
77,77,Atezo,BLCA,LR,PD-L1_common,0.6,0.4285714285714286,2,40,16,12,0.125,0.2367156641600641,0.576530612244898,0.21126306912967707
78,78,Atezo,BLCA,LR,PD-L1_common,0.6428571428571429,0.6160714285714286,8,37,19,6,0.3902439024390244,0.309578127885034,0.6058673469387755,0.27255288894168705
79,79,Atezo,BLCA,LR,PD-L1_common,0.6,0.5892857142857142,8,34,22,6,0.36363636363636365,0.2540616395781946,0.6147959183673469,0.23056391074820135
80,80,Atezo,BLCA,LR,PD-L1_common,0.7,0.5714285714285714,5,44,12,9,0.3225806451612903,0.26732313376819045,0.6224489795918366,0.24181081824995299
81,81,Atezo,BLCA,LR,PD-L1_common,0.6857142857142857,0.5089285714285714,3,45,11,11,0.21428571428571427,0.2433638564219864,0.5561224489795918,0.2176417569294414
82,82,Atezo,BLCA,LR,PD-L1_common,0.7285714285714285,0.6428571428571428,7,44,12,7,0.4242424242424242,0.3039220908299856,0.6798469387755102,0.276096829493043
83,83,Atezo,BLCA,LR,PD-L1_common,0.5714285714285714,0.4375,3,37,19,11,0.16666666666666663,0.2254457429284502,0.4489795918367347,0.19733783254910425
84,84,Atezo,BLCA,LR,PD-L1_common,0.7285714285714285,0.6696428571428572,8,43,13,6,0.4571428571428571,0.38254637511785927,0.7053571428571428,0.3486265341813158
85,85,Atezo,BLCA,LR,PD-L1_common,0.7714285714285715,0.6160714285714286,5,49,7,9,0.3846153846153846,0.35331860406214644,0.6798469387755102,0.31986598572297403
86,86,Atezo,BLCA,LR,PD-L1_common,0.7285714285714285,0.6160714285714286,6,45,11,8,0.3870967741935484,0.2682658237279083,0.5739795918367346,0.24114934526335047
87,87,Atezo,BLCA,LR,PD-L1_common,0.7571428571428571,0.6071428571428571,5,48,8,9,0.3703703703703704,0.35181458891985207,0.7206632653061225,0.32168998564666257
88,88,Atezo,BLCA,LR,PD-L1_common,0.6285714285714286,0.5267857142857143,5,39,17,9,0.2777777777777778,0.2634221940282671,0.5650510204081632,0.22903546807079994
89,89,Atezo,BLCA,LR,PD-L1_common,0.6285714285714286,0.5,4,40,16,10,0.23529411764705882,0.24936136280216864,0.6173469387755102,0.2285055026067201
90,90,Atezo,BLCA,LR,PD-L1_common,0.7,0.625,7,42,14,7,0.4,0.3151505559706044,0.6619897959183674,0.27908771469075355
91,91,Atezo,BLCA,LR,PD-L1_common,0.7142857142857143,0.5803571428571429,5,45,11,9,0.3333333333333333,0.3169740212834229,0.6798469387755103,0.2811020990967679
92,92,Atezo,BLCA,LR,PD-L1_common,0.7142857142857143,0.5535714285714286,4,46,10,10,0.2857142857142857,0.38229445419036845,0.6096938775510203,0.3687090817488019
93,93,Atezo,BLCA,LR,PD-L1_common,0.6857142857142857,0.6160714285714286,7,41,15,7,0.3888888888888889,0.32209083712611686,0.6747448979591837,0.2852110715876079
94,94,Atezo,BLCA,LR,PD-L1_common,0.7142857142857143,0.6875,9,41,15,5,0.4736842105263159,0.396240907195773,0.760204081632653,0.3567328370584157
95,95,Atezo,BLCA,LR,PD-L1_common,0.7428571428571429,0.6785714285714286,8,44,12,6,0.47058823529411764,0.3796268946174961,0.6926020408163265,0.3457649852588555
96,96,Atezo,BLCA,LR,PD-L1_common,0.6142857142857143,0.5178571428571429,5,38,18,9,0.27027027027027023,0.22298221989935363,0.5357142857142857,0.20168096391261733
97,97,Atezo,BLCA,LR,PD-L1_common,0.7,0.625,7,42,14,7,0.4,0.33763887997177944,0.6619897959183674,0.3049851477188703
98,98,Atezo,BLCA,LR,PD-L1_common,0.6571428571428571,0.5714285714285714,6,40,16,8,0.33333333333333326,0.23746689316691122,0.5637755102040817,0.2158208051821657
99,99,Atezo,BLCA,LR,PD-L1_common,0.6142857142857143,0.5446428571428571,6,37,19,8,0.30769230769230765,0.3647317141458475,0.614795918367347,0.34450167534294485
0,0,Atezo,BLCA,LR,PD-L1_LCC,0.7571428571428571,0.6071428571428571,5,48,8,9,0.3703703703703704,0.37049815996075086,0.6198979591836735,0.3496671704012031
1,1,Atezo,BLCA,LR,PD-L1_LCC,0.6714285714285714,0.5267857142857143,4,43,13,10,0.2580645161290323,0.2533989024881684,0.5892857142857143,0.23148455825952396
2,2,Atezo,BLCA,LR,PD-L1_LCC,0.7571428571428571,0.7410714285714286,10,43,13,4,0.5405405405405405,0.3937449103026089,0.7576530612244898,0.36286762413459933
3,3,Atezo,BLCA,LR,PD-L1_LCC,0.6714285714285714,0.5535714285714286,5,42,14,9,0.30303030303030304,0.2885547730463051,0.6313775510204082,0.261133643302117
4,4,Atezo,BLCA,LR,PD-L1_LCC,0.7142857142857143,0.5803571428571429,5,45,11,9,0.3333333333333333,0.4443364997060817,0.6913265306122448,0.4243684206280307
5,5,Atezo,BLCA,LR,PD-L1_LCC,0.6714285714285714,0.5267857142857143,4,43,13,10,0.2580645161290323,0.2439521421666813,0.5204081632653061,0.21774035280141812
6,6,Atezo,BLCA,LR,PD-L1_LCC,0.7,0.5982142857142857,6,43,13,8,0.36363636363636365,0.2686814957632773,0.625,0.24626730676621464
7,7,Atezo,BLCA,LR,PD-L1_LCC,0.6857142857142857,0.5892857142857143,6,42,14,8,0.3529411764705882,0.25672403071840094,0.5982142857142856,0.23463596746631118
8,8,Atezo,BLCA,LR,PD-L1_LCC,0.6571428571428571,0.5714285714285714,6,40,16,8,0.33333333333333326,0.24120378568049936,0.5880102040816326,0.22135434904426116
9,9,Atezo,BLCA,LR,PD-L1_LCC,0.6571428571428571,0.625,8,38,18,6,0.4,0.2966729642577418,0.6186224489795918,0.2607365229814171
10,10,Atezo,BLCA,LR,PD-L1_LCC,0.7285714285714285,0.6160714285714286,6,45,11,8,0.3870967741935484,0.3894557862955498,0.7193877551020409,0.3500713103970729
11,11,Atezo,BLCA,LR,PD-L1_LCC,0.6571428571428571,0.5446428571428571,5,41,15,9,0.2941176470588235,0.307406884913899,0.6211734693877551,0.2701199203166494
12,12,Atezo,BLCA,LR,PD-L1_LCC,0.7142857142857143,0.6071428571428571,6,44,12,8,0.375,0.27455050375924633,0.6262755102040817,0.2485529986771778
13,13,Atezo,BLCA,LR,PD-L1_LCC,0.6857142857142857,0.6160714285714286,7,41,15,7,0.3888888888888889,0.29332824504391225,0.6352040816326531,0.2656899713523268
14,14,Atezo,BLCA,LR,PD-L1_LCC,0.5714285714285714,0.4642857142857143,4,36,20,10,0.2105263157894737,0.2472612268677746,0.5790816326530612,0.22009237863071268
15,15,Atezo,BLCA,LR,PD-L1_LCC,0.6714285714285714,0.5267857142857143,4,43,13,10,0.2580645161290323,0.27299621271076074,0.6352040816326531,0.24808927654476698
16,16,Atezo,BLCA,LR,PD-L1_LCC,0.7428571428571429,0.625,6,46,10,8,0.39999999999999997,0.31471045946262516,0.6760204081632654,0.28774676706305363
17,17,Atezo,BLCA,LR,PD-L1_LCC,0.6857142857142857,0.5625,5,43,13,9,0.31250000000000006,0.2763186060024655,0.6211734693877551,0.24731466420607245
18,18,Atezo,BLCA,LR,PD-L1_LCC,0.7571428571428571,0.6607142857142857,7,46,10,7,0.45161290322580644,0.39449554394452047,0.5956632653061223,0.37999475598436516
19,19,Atezo,BLCA,LR,PD-L1_LCC,0.7857142857142857,0.7321428571428572,9,46,10,5,0.5454545454545454,0.5200964278992228,0.8188775510204082,0.49721819294060643
20,20,Atezo,BLCA,LR,PD-L1_LCC,0.6714285714285714,0.5803571428571428,6,41,15,8,0.34285714285714286,0.2662568974580235,0.6033163265306122,0.23960630863677462
21,21,Atezo,BLCA,LR,PD-L1_LCC,0.7,0.5714285714285714,5,44,12,9,0.3225806451612903,0.2746868418714912,0.5994897959183674,0.24729477153573112
22,22,Atezo,BLCA,LR,PD-L1_LCC,0.6714285714285714,0.5803571428571428,6,41,15,8,0.34285714285714286,0.2850823238290396,0.6224489795918368,0.2577915949218457
23,23,Atezo,BLCA,LR,PD-L1_LCC,0.8,0.7142857142857142,8,48,8,6,0.5333333333333333,0.4671950754451213,0.7729591836734694,0.4270377105088469
24,24,Atezo,BLCA,LR,PD-L1_LCC,0.6857142857142857,0.5625,5,43,13,9,0.31250000000000006,0.2538277095235047,0.5089285714285714,0.21927872804618098
25,25,Atezo,BLCA,LR,PD-L1_LCC,0.7285714285714285,0.6964285714285714,9,42,14,5,0.4864864864864865,0.3820256547886154,0.6428571428571429,0.3429708284115706
26,26,Atezo,BLCA,LR,PD-L1_LCC,0.6857142857142857,0.5357142857142857,4,44,12,10,0.26666666666666666,0.28461275914318984,0.6568877551020408,0.2554006130151571
27,27,Atezo,BLCA,LR,PD-L1_LCC,0.5857142857142857,0.5,5,36,20,9,0.25641025641025644,0.29675146098193156,0.5816326530612245,0.2596998720416196
28,28,Atezo,BLCA,LR,PD-L1_LCC,0.6428571428571429,0.5892857142857143,7,38,18,7,0.358974358974359,0.2820677762828173,0.6479591836734695,0.2559424215283739
29,29,Atezo,BLCA,LR,PD-L1_LCC,0.6714285714285714,0.5,3,44,12,11,0.20689655172413796,0.2435477919158171,0.5331632653061225,0.21058675413269556
30,30,Atezo,BLCA,LR,PD-L1_LCC,0.7285714285714285,0.5357142857142857,3,48,8,11,0.23999999999999996,0.2869814344125464,0.5637755102040816,0.25591771253150725
31,31,Atezo,BLCA,LR,PD-L1_LCC,0.6857142857142857,0.5625,5,43,13,9,0.31250000000000006,0.28629014138031694,0.596938775510204,0.25561255874618505
32,32,Atezo,BLCA,LR,PD-L1_LCC,0.6714285714285714,0.5267857142857143,4,43,13,10,0.2580645161290323,0.2582710927843304,0.5051020408163265,0.22319800217622537
33,33,Atezo,BLCA,LR,PD-L1_LCC,0.6857142857142857,0.5892857142857143,6,42,14,8,0.3529411764705882,0.32193898726164794,0.5841836734693877,0.2895411203745408
34,34,Atezo,BLCA,LR,PD-L1_LCC,0.6571428571428571,0.5982142857142857,7,39,17,7,0.3684210526315789,0.27141707319346153,0.6568877551020408,0.24935082158654126
35,35,Atezo,BLCA,LR,PD-L1_LCC,0.6714285714285714,0.5535714285714286,5,42,14,9,0.30303030303030304,0.25710139892170025,0.6198979591836734,0.23446513262223298
36,36,Atezo,BLCA,LR,PD-L1_LCC,0.6571428571428571,0.5446428571428571,5,41,15,9,0.2941176470588235,0.31998675946932975,0.6045918367346939,0.2822277742921689
37,37,Atezo,BLCA,LR,PD-L1_LCC,0.6857142857142857,0.6160714285714286,7,41,15,7,0.3888888888888889,0.35401396078168845,0.6364795918367346,0.33410047253733155
38,38,Atezo,BLCA,LR,PD-L1_LCC,0.7142857142857143,0.5535714285714286,4,46,10,10,0.2857142857142857,0.29571026125297273,0.5637755102040817,0.26393493005438456
39,39,Atezo,BLCA,LR,PD-L1_LCC,0.7,0.5178571428571428,3,46,10,11,0.22222222222222224,0.2754739655920564,0.4923469387755103,0.2394079591591228
40,40,Atezo,BLCA,LR,PD-L1_LCC,0.6857142857142857,0.6160714285714286,7,41,15,7,0.3888888888888889,0.34088150799839767,0.6352040816326531,0.3086869382718916
41,41,Atezo,BLCA,LR,PD-L1_LCC,0.6428571428571429,0.5625,6,39,17,8,0.3243243243243243,0.29902426972915697,0.6352040816326531,0.26315350105696506
42,42,Atezo,BLCA,LR,PD-L1_LCC,0.7571428571428571,0.6071428571428571,5,48,8,9,0.3703703703703704,0.3781368496567452,0.6670918367346939,0.3580434459112508
43,43,Atezo,BLCA,LR,PD-L1_LCC,0.7571428571428571,0.6071428571428571,5,48,8,9,0.3703703703703704,0.3339946288711826,0.6339285714285715,0.30112315858726874
44,44,Atezo,BLCA,LR,PD-L1_LCC,0.7571428571428571,0.6071428571428571,5,48,8,9,0.3703703703703704,0.32583650678302334,0.6568877551020408,0.2883929158897777
45,45,Atezo,BLCA,LR,PD-L1_LCC,0.7,0.5446428571428572,4,45,11,10,0.2758620689655172,0.274032743505842,0.6543367346938775,0.25192794029721266
46,46,Atezo,BLCA,LR,PD-L1_LCC,0.7428571428571429,0.7053571428571429,9,43,13,5,0.5000000000000001,0.39794832012877124,0.6849489795918369,0.37730649966420904
47,47,Atezo,BLCA,LR,PD-L1_LCC,0.7285714285714285,0.6160714285714286,6,45,11,8,0.3870967741935484,0.4057285706680333,0.6479591836734694,0.3668983391816752
48,48,Atezo,BLCA,LR,PD-L1_LCC,0.7,0.5982142857142857,6,43,13,8,0.36363636363636365,0.3604385204287597,0.6658163265306122,0.3271001351230987
49,49,Atezo,BLCA,LR,PD-L1_LCC,0.6857142857142857,0.5892857142857143,6,42,14,8,0.3529411764705882,0.3088791437627683,0.6517857142857143,0.2819875115628359
50,50,Atezo,BLCA,LR,PD-L1_LCC,0.7,0.5982142857142857,6,43,13,8,0.36363636363636365,0.4001690671993259,0.6811224489795918,0.38625393662759544
51,51,Atezo,BLCA,LR,PD-L1_LCC,0.7142857142857143,0.5267857142857143,3,47,9,11,0.23076923076923075,0.259567665450524,0.6224489795918368,0.23213688654680104
52,52,Atezo,BLCA,LR,PD-L1_LCC,0.6571428571428571,0.5178571428571428,4,42,14,10,0.25,0.2614658798752575,0.5816326530612245,0.23196461140237346
53,53,Atezo,BLCA,LR,PD-L1_LCC,0.7285714285714285,0.5625,4,47,9,10,0.29629629629629634,0.25856542972570346,0.5778061224489797,0.23380330771160598
54,54,Atezo,BLCA,LR,PD-L1_LCC,0.6428571428571429,0.5892857142857143,7,38,18,7,0.358974358974359,0.24132774399872509,0.6033163265306123,0.22172922529685868
55,55,Atezo,BLCA,LR,PD-L1_LCC,0.7428571428571429,0.6517857142857143,7,45,11,7,0.43750000000000006,0.3146473181695729,0.6275510204081632,0.28240709748199677
56,56,Atezo,BLCA,LR,PD-L1_LCC,0.6857142857142857,0.5357142857142857,4,44,12,10,0.26666666666666666,0.2415781518026507,0.528061224489796,0.21630392339149462
57,57,Atezo,BLCA,LR,PD-L1_LCC,0.6714285714285714,0.6339285714285714,8,39,17,6,0.41025641025641024,0.3046281789948201,0.639030612244898,0.2757914205246232
58,58,Atezo,BLCA,LR,PD-L1_LCC,0.7428571428571429,0.5714285714285714,4,48,8,10,0.30769230769230765,0.30840462743787866,0.6403061224489797,0.27661031041890144
59,59,Atezo,BLCA,LR,PD-L1_LCC,0.6285714285714286,0.5267857142857143,5,39,17,9,0.2777777777777778,0.24950125140956275,0.5803571428571429,0.22640398778912518
60,60,Atezo,BLCA,LR,PD-L1_LCC,0.7,0.6785714285714286,9,40,16,5,0.4615384615384615,0.3238006463561795,0.7410714285714286,0.29936148410609387
61,61,Atezo,BLCA,LR,PD-L1_LCC,0.6142857142857143,0.5178571428571429,5,38,18,9,0.27027027027027023,0.3595343119416233,0.6696428571428572,0.3209605165021588
62,62,Atezo,BLCA,LR,PD-L1_LCC,0.6857142857142857,0.5625,5,43,13,9,0.31250000000000006,0.2772689331403664,0.6415816326530612,0.25442861647819937
63,63,Atezo,BLCA,LR,PD-L1_LCC,0.7142857142857143,0.5,2,48,8,12,0.16666666666666666,0.22410086936126297,0.5229591836734694,0.19984625417798996
64,64,Atezo,BLCA,LR,PD-L1_LCC,0.6857142857142857,0.6696428571428572,9,39,17,5,0.45,0.3236671265321464,0.7053571428571428,0.29715005259071464
65,65,Atezo,BLCA,LR,PD-L1_LCC,0.7,0.5982142857142857,6,43,13,8,0.36363636363636365,0.34697574365934936,0.6313775510204083,0.32814861433180376
66,66,Atezo,BLCA,LR,PD-L1_LCC,0.7142857142857143,0.6071428571428571,6,44,12,8,0.375,0.2880279171361751,0.6734693877551021,0.2643056892209378
67,67,Atezo,BLCA,LR,PD-L1_LCC,0.6571428571428571,0.5714285714285714,6,40,16,8,0.33333333333333326,0.2632890321104571,0.625,0.23896495545683252
68,68,Atezo,BLCA,LR,PD-L1_LCC,0.6571428571428571,0.625,8,38,18,6,0.4,0.3177481492752429,0.6709183673469388,0.2892618483451191
69,69,Atezo,BLCA,LR,PD-L1_LCC,0.6857142857142857,0.6428571428571428,8,40,16,6,0.4210526315789474,0.537898075532348,0.701530612244898,0.5234601925105576
70,70,Atezo,BLCA,LR,PD-L1_LCC,0.6571428571428571,0.5446428571428571,5,41,15,9,0.2941176470588235,0.26972022257448575,0.6428571428571428,0.24528061986269373
71,71,Atezo,BLCA,LR,PD-L1_LCC,0.7285714285714285,0.6696428571428572,8,43,13,6,0.4571428571428571,0.3518134883140378,0.6607142857142858,0.3184494945589656
72,72,Atezo,BLCA,LR,PD-L1_LCC,0.6714285714285714,0.6071428571428572,7,40,16,7,0.3783783783783784,0.30255278809579883,0.6875,0.2774008193598172
73,73,Atezo,BLCA,LR,PD-L1_LCC,0.7285714285714285,0.6160714285714286,6,45,11,8,0.3870967741935484,0.2707098531673865,0.6262755102040816,0.2480445883701377
74,74,Atezo,BLCA,LR,PD-L1_LCC,0.6142857142857143,0.5446428571428571,6,37,19,8,0.30769230769230765,0.2948721652719491,0.5816326530612245,0.2582991735931168
75,75,Atezo,BLCA,LR,PD-L1_LCC,0.7857142857142857,0.6785714285714286,7,48,8,7,0.4827586206896552,0.3918579190488436,0.6772959183673469,0.3581709086611204
76,76,Atezo,BLCA,LR,PD-L1_LCC,0.7857142857142857,0.625,5,50,6,9,0.4,0.32989144535062903,0.6339285714285714,0.2919298594042317
77,77,Atezo,BLCA,LR,PD-L1_LCC,0.6857142857142857,0.5357142857142857,4,44,12,10,0.26666666666666666,0.2619092700234893,0.6250000000000001,0.23977379818732122
78,78,Atezo,BLCA,LR,PD-L1_LCC,0.7142857142857143,0.5803571428571429,5,45,11,9,0.3333333333333333,0.38954479875548154,0.7257653061224489,0.3496320755484398
79,79,Atezo,BLCA,LR,PD-L1_LCC,0.6857142857142857,0.6160714285714286,7,41,15,7,0.3888888888888889,0.3075211734887748,0.659438775510204,0.2812959544125919
80,80,Atezo,BLCA,LR,PD-L1_LCC,0.6857142857142857,0.5625,5,43,13,9,0.31250000000000006,0.3366844114182179,0.6747448979591837,0.3036719903388677
81,81,Atezo,BLCA,LR,PD-L1_LCC,0.7142857142857143,0.5803571428571429,5,45,11,9,0.3333333333333333,0.30763404868642313,0.6441326530612245,0.2714369575497938
82,82,Atezo,BLCA,LR,PD-L1_LCC,0.6714285714285714,0.6071428571428572,7,40,16,7,0.3783783783783784,0.2744530059151784,0.5778061224489796,0.24423873835917914
83,83,Atezo,BLCA,LR,PD-L1_LCC,0.6714285714285714,0.6339285714285714,8,39,17,6,0.41025641025641024,0.3285781107905764,0.6543367346938775,0.2959268072424544
84,84,Atezo,BLCA,LR,PD-L1_LCC,0.6714285714285714,0.5535714285714286,5,42,14,9,0.30303030303030304,0.23110444606326663,0.5765306122448979,0.2112634160335159
85,85,Atezo,BLCA,LR,PD-L1_LCC,0.6714285714285714,0.5535714285714286,5,42,14,9,0.30303030303030304,0.2493257141198257,0.5663265306122449,0.22491118338499053
86,86,Atezo,BLCA,LR,PD-L1_LCC,0.6,0.48214285714285715,4,38,18,10,0.2222222222222222,0.20628054964882664,0.5063775510204082,0.1869558505597659
87,87,Atezo,BLCA,LR,PD-L1_LCC,0.6857142857142857,0.5892857142857143,6,42,14,8,0.3529411764705882,0.3160301775776422,0.645408163265306,0.28404085667077866
88,88,Atezo,BLCA,LR,PD-L1_LCC,0.6142857142857143,0.49107142857142855,4,39,17,10,0.22857142857142854,0.2519243830602069,0.5816326530612246,0.2241720904267996
89,89,Atezo,BLCA,LR,PD-L1_LCC,0.6714285714285714,0.5,3,44,12,11,0.20689655172413796,0.23175049159176447,0.5599489795918368,0.2102224367354499
90,90,Atezo,BLCA,LR,PD-L1_LCC,0.7,0.6517857142857142,8,41,15,6,0.4324324324324324,0.39283652505291156,0.7130102040816326,0.3721892604740341
91,91,Atezo,BLCA,LR,PD-L1_LCC,0.7285714285714285,0.5892857142857143,5,46,10,9,0.3448275862068965,0.3506506741104217,0.6466836734693877,0.33097274186063064
92,92,Atezo,BLCA,LR,PD-L1_LCC,0.7285714285714285,0.6428571428571428,7,44,12,7,0.4242424242424242,0.3758315690774955,0.6683673469387755,0.3460436596971372
93,93,Atezo,BLCA,LR,PD-L1_LCC,0.7142857142857143,0.6607142857142857,8,42,14,6,0.4444444444444444,0.3510547015190978,0.6709183673469388,0.31225575509240067
94,94,Atezo,BLCA,LR,PD-L1_LCC,0.7285714285714285,0.5625,4,47,9,10,0.29629629629629634,0.35480453841615694,0.6862244897959183,0.316033803284863
95,95,Atezo,BLCA,LR,PD-L1_LCC,0.7,0.5982142857142857,6,43,13,8,0.36363636363636365,0.41205869076713486,0.6211734693877551,0.39828978953196614
96,96,Atezo,BLCA,LR,PD-L1_LCC,0.6714285714285714,0.6339285714285714,8,39,17,6,0.41025641025641024,0.32387574195973085,0.6683673469387755,0.2973478592156875
97,97,Atezo,BLCA,LR,PD-L1_LCC,0.7571428571428571,0.6607142857142857,7,46,10,7,0.45161290322580644,0.37512078429971485,0.7232142857142857,0.3413967425909788
98,98,Atezo,BLCA,LR,PD-L1_LCC,0.6857142857142857,0.5357142857142857,4,44,12,10,0.26666666666666666,0.2643193969248339,0.5918367346938775,0.23497447784754144
99,99,Atezo,BLCA,LR,PD-L1_LCC,0.7857142857142857,0.7589285714285714,10,45,11,4,0.5714285714285714,0.348273310211257,0.6785714285714286,0.319109877827844
0,0,Atezo,BLCA,LR,PD-L1_wm,0.6714285714285714,0.6875,10,37,19,4,0.46511627906976755,0.4827234987343,0.7372448979591837,0.46091604733125524
1,1,Atezo,BLCA,LR,PD-L1_wm,0.6571428571428571,0.6785714285714286,10,36,20,4,0.4545454545454545,0.5057554830664075,0.7232142857142858,0.46776911398607507
2,2,Atezo,BLCA,LR,PD-L1_wm,0.6,0.6696428571428572,11,31,25,3,0.43999999999999995,0.33552322421368463,0.6543367346938775,0.2976369829635089
3,3,Atezo,BLCA,LR,PD-L1_wm,0.6142857142857143,0.5714285714285714,7,36,20,7,0.3414634146341463,0.24969615001351098,0.5867346938775511,0.22715188530512195
4,4,Atezo,BLCA,LR,PD-L1_wm,0.6142857142857143,0.5714285714285714,7,36,20,7,0.3414634146341463,0.3353309908332135,0.5790816326530611,0.2982257970370337
5,5,Atezo,BLCA,LR,PD-L1_wm,0.6714285714285714,0.6071428571428572,7,40,16,7,0.3783783783783784,0.4069306005507358,0.7538265306122449,0.3864980458157997
6,6,Atezo,BLCA,LR,PD-L1_wm,0.5,0.4732142857142857,6,29,27,8,0.2553191489361702,0.33275930214108806,0.5752551020408163,0.2958269845186628
7,7,Atezo,BLCA,LR,PD-L1_wm,0.6,0.5357142857142857,6,36,20,8,0.3,0.27606323733297017,0.6339285714285714,0.25204408813953433
8,8,Atezo,BLCA,LR,PD-L1_wm,0.6142857142857143,0.5982142857142857,8,35,21,6,0.37209302325581395,0.380888358551682,0.7346938775510203,0.34803786785383123
9,9,Atezo,BLCA,LR,PD-L1_wm,0.5857142857142857,0.5,5,36,20,9,0.25641025641025644,0.28247509809413135,0.5765306122448979,0.2474659363023408
10,10,Atezo,BLCA,LR,PD-L1_wm,0.6,0.6160714285714286,9,33,23,5,0.391304347826087,0.3593125681008334,0.6517857142857143,0.3202897249074789
11,11,Atezo,BLCA,LR,PD-L1_wm,0.6142857142857143,0.625,9,34,22,5,0.4,0.5018993755766834,0.7091836734693878,0.4820220267943276
12,12,Atezo,BLCA,LR,PD-L1_wm,0.6857142857142857,0.6428571428571428,8,40,16,6,0.4210526315789474,0.5606676209407466,0.7244897959183673,0.5488748683479927
13,13,Atezo,BLCA,LR,PD-L1_wm,0.6142857142857143,0.5714285714285714,7,36,20,7,0.3414634146341463,0.3430242182815665,0.7015306122448979,0.30490321985970154
14,14,Atezo,BLCA,LR,PD-L1_wm,0.6285714285714286,0.6071428571428572,8,36,20,6,0.38095238095238093,0.42631177985190205,0.75,0.38635689396577083
15,15,Atezo,BLCA,LR,PD-L1_wm,0.6857142857142857,0.6964285714285714,10,38,18,4,0.4761904761904762,0.34766751356650066,0.6926020408163265,0.31001358093963355
16,16,Atezo,BLCA,LR,PD-L1_wm,0.6285714285714286,0.5803571428571428,7,37,19,7,0.35000000000000003,0.30773297272198796,0.6122448979591837,0.2756298236394169
17,17,Atezo,BLCA,LR,PD-L1_wm,0.6714285714285714,0.7410714285714286,12,35,21,2,0.5106382978723404,0.45520060655930217,0.7704081632653061,0.4326749275696906
18,18,Atezo,BLCA,LR,PD-L1_wm,0.6428571428571429,0.6964285714285714,11,34,22,3,0.4680851063829786,0.5142816104009925,0.75,0.4995047572422434
19,19,Atezo,BLCA,LR,PD-L1_wm,0.6285714285714286,0.6339285714285714,9,35,21,5,0.4090909090909091,0.30614756646540336,0.6607142857142857,0.27868532343934943
20,20,Atezo,BLCA,LR,PD-L1_wm,0.6142857142857143,0.5714285714285714,7,36,20,7,0.3414634146341463,0.3773731226740873,0.7104591836734694,0.35701295723115445
21,21,Atezo,BLCA,LR,PD-L1_wm,0.7285714285714285,0.6696428571428572,8,43,13,6,0.4571428571428571,0.45436018261125044,0.7346938775510204,0.41503963677813444
22,22,Atezo,BLCA,LR,PD-L1_wm,0.6285714285714286,0.5803571428571428,7,37,19,7,0.35000000000000003,0.3247557311632153,0.6122448979591837,0.28725350757354257
23,23,Atezo,BLCA,LR,PD-L1_wm,0.5714285714285714,0.4910714285714286,5,35,21,9,0.25,0.26389279471635363,0.5293367346938775,0.22834040550627158
24,24,Atezo,BLCA,LR,PD-L1_wm,0.6714285714285714,0.6071428571428572,7,40,16,7,0.3783783783783784,0.3724502593679613,0.6517857142857142,0.35211891074246626
25,25,Atezo,BLCA,LR,PD-L1_wm,0.6857142857142857,0.6964285714285714,10,38,18,4,0.4761904761904762,0.4646872094891929,0.8022959183673469,0.42431563680066214
26,26,Atezo,BLCA,LR,PD-L1_wm,0.7142857142857143,0.6875,9,41,15,5,0.4736842105263159,0.4601711139001055,0.7589285714285714,0.4203168295370157
27,27,Atezo,BLCA,LR,PD-L1_wm,0.8428571428571429,0.7946428571428572,10,49,7,4,0.6451612903225806,0.68739996890618,0.9119897959183674,0.6743238715370611
28,28,Atezo,BLCA,LR,PD-L1_wm,0.5857142857142857,0.6339285714285714,10,31,25,4,0.40816326530612246,0.41776388575909756,0.7193877551020408,0.3776641436093046
29,29,Atezo,BLCA,LR,PD-L1_wm,0.5571428571428572,0.5357142857142857,7,32,24,7,0.3111111111111111,0.38390192896771846,0.6543367346938775,0.36343573635509663
30,30,Atezo,BLCA,LR,PD-L1_wm,0.6857142857142857,0.6964285714285714,10,38,18,4,0.4761904761904762,0.43603979226099043,0.7678571428571428,0.41440217977538074
31,31,Atezo,BLCA,LR,PD-L1_wm,0.6571428571428571,0.6785714285714286,10,36,20,4,0.4545454545454545,0.41295072525202015,0.7614795918367346,0.379044023503976
32,32,Atezo,BLCA,LR,PD-L1_wm,0.6857142857142857,0.6696428571428572,9,39,17,5,0.45,0.6470861621107926,0.7806122448979592,0.6396727172565527
33,33,Atezo,BLCA,LR,PD-L1_wm,0.7285714285714285,0.75,11,40,16,3,0.5365853658536585,0.6119416857652151,0.8188775510204083,0.5974123796248962
34,34,Atezo,BLCA,LR,PD-L1_wm,0.6571428571428571,0.5982142857142857,7,39,17,7,0.3684210526315789,0.30259904697381584,0.6084183673469388,0.27640450485162377
35,35,Atezo,BLCA,LR,PD-L1_wm,0.6,0.5625,7,35,21,7,0.3333333333333333,0.3160154893267624,0.596938775510204,0.29827270599319033
36,36,Atezo,BLCA,LR,PD-L1_wm,0.7,0.7053571428571428,10,39,17,4,0.4878048780487805,0.42803007314036723,0.7448979591836735,0.3936404213942117
37,37,Atezo,BLCA,LR,PD-L1_wm,0.7,0.6517857142857142,8,41,15,6,0.4324324324324324,0.5042934582064194,0.7372448979591837,0.48384875496590896
38,38,Atezo,BLCA,LR,PD-L1_wm,0.7142857142857143,0.6607142857142857,8,42,14,6,0.4444444444444444,0.5304977892895897,0.7002551020408164,0.5206343951031848
39,39,Atezo,BLCA,LR,PD-L1_wm,0.6285714285714286,0.6339285714285714,9,35,21,5,0.4090909090909091,0.42705207540366663,0.6951530612244898,0.40535420747688833
40,40,Atezo,BLCA,LR,PD-L1_wm,0.7714285714285715,0.6964285714285714,8,46,10,6,0.5,0.404613902097819,0.7321428571428572,0.3708690315515271
41,41,Atezo,BLCA,LR,PD-L1_wm,0.6428571428571429,0.6160714285714286,8,37,19,6,0.3902439024390244,0.36935182850632053,0.6785714285714285,0.35055373124550926
42,42,Atezo,BLCA,LR,PD-L1_wm,0.6285714285714286,0.6071428571428572,8,36,20,6,0.38095238095238093,0.432190435733368,0.6441326530612246,0.417637985323317
43,43,Atezo,BLCA,LR,PD-L1_wm,0.6142857142857143,0.625,9,34,22,5,0.4,0.29399074436372097,0.6479591836734694,0.2657917265885643
44,44,Atezo,BLCA,LR,PD-L1_wm,0.6142857142857143,0.5982142857142857,8,35,21,6,0.37209302325581395,0.27604822088210795,0.6249999999999999,0.25106564266521264
45,45,Atezo,BLCA,LR,PD-L1_wm,0.6142857142857143,0.6785714285714286,11,32,24,3,0.44897959183673464,0.39391793437359934,0.7168367346938775,0.37277332995988244
46,46,Atezo,BLCA,LR,PD-L1_wm,0.7142857142857143,0.6071428571428571,6,44,12,8,0.375,0.3214296495245652,0.6632653061224489,0.2838349163385799
47,47,Atezo,BLCA,LR,PD-L1_wm,0.6285714285714286,0.5803571428571428,7,37,19,7,0.35000000000000003,0.3107116520630707,0.6415816326530612,0.27929034520633816
48,48,Atezo,BLCA,LR,PD-L1_wm,0.7428571428571429,0.7053571428571429,9,43,13,5,0.5000000000000001,0.4837778526963774,0.7410714285714286,0.46753626693590566
49,49,Atezo,BLCA,LR,PD-L1_wm,0.6142857142857143,0.5982142857142857,8,35,21,6,0.37209302325581395,0.41992084446937,0.7423469387755102,0.37984623216585195
50,50,Atezo,BLCA,LR,PD-L1_wm,0.7714285714285715,0.8035714285714286,12,42,14,2,0.6,0.49069022247593674,0.8545918367346939,0.4559490430149192
51,51,Atezo,BLCA,LR,PD-L1_wm,0.6,0.5625,7,35,21,7,0.3333333333333333,0.30402232157214104,0.582908163265306,0.266420628485517
52,52,Atezo,BLCA,LR,PD-L1_wm,0.6285714285714286,0.6071428571428572,8,36,20,6,0.38095238095238093,0.44472664281231145,0.6875,0.4300511715876496
53,53,Atezo,BLCA,LR,PD-L1_wm,0.6285714285714286,0.5803571428571428,7,37,19,7,0.35000000000000003,0.40627264323471557,0.6670918367346939,0.3917109594319256
54,54,Atezo,BLCA,LR,PD-L1_wm,0.6285714285714286,0.5803571428571428,7,37,19,7,0.35000000000000003,0.32779943253663013,0.6454081632653061,0.295247130069145
55,55,Atezo,BLCA,LR,PD-L1_wm,0.6285714285714286,0.6875,11,33,23,3,0.45833333333333326,0.36902709999931904,0.7423469387755102,0.33059992180134457
56,56,Atezo,BLCA,LR,PD-L1_wm,0.6142857142857143,0.5714285714285714,7,36,20,7,0.3414634146341463,0.22958907752692553,0.5548469387755102,0.2108090387820472
57,57,Atezo,BLCA,LR,PD-L1_wm,0.5714285714285714,0.5178571428571428,6,34,22,8,0.2857142857142857,0.3395533296493207,0.5599489795918368,0.3203543877638137
58,58,Atezo,BLCA,LR,PD-L1_wm,0.6428571428571429,0.6160714285714286,8,37,19,6,0.3902439024390244,0.5082378448332066,0.6926020408163266,0.4959717019241141
59,59,Atezo,BLCA,LR,PD-L1_wm,0.7,0.7321428571428572,11,38,18,3,0.5116279069767441,0.5624386738577515,0.8214285714285714,0.5468644263370017
60,60,Atezo,BLCA,LR,PD-L1_wm,0.6857142857142857,0.6964285714285714,10,38,18,4,0.4761904761904762,0.38913238745937606,0.6887755102040817,0.35525705957523673
61,61,Atezo,BLCA,LR,PD-L1_wm,0.5285714285714286,0.5446428571428572,8,29,27,6,0.32653061224489793,0.29136945476352594,0.6415816326530612,0.25598029472076117
62,62,Atezo,BLCA,LR,PD-L1_wm,0.6,0.5357142857142857,6,36,20,8,0.3,0.25230011762976284,0.5612244897959184,0.22953215849907485
63,63,Atezo,BLCA,LR,PD-L1_wm,0.7,0.6517857142857142,8,41,15,6,0.4324324324324324,0.4925782360679145,0.6938775510204082,0.4813897361698988
64,64,Atezo,BLCA,LR,PD-L1_wm,0.5714285714285714,0.5446428571428572,7,33,23,7,0.3181818181818182,0.2433877823927188,0.5522959183673469,0.21557292016030855
65,65,Atezo,BLCA,LR,PD-L1_wm,0.6428571428571429,0.6160714285714286,8,37,19,6,0.3902439024390244,0.2918134267798973,0.663265306122449,0.2647110973991978
66,66,Atezo,BLCA,LR,PD-L1_wm,0.7142857142857143,0.7142857142857143,10,40,16,4,0.5,0.5246668687367188,0.8163265306122449,0.4851302803794911
67,67,Atezo,BLCA,LR,PD-L1_wm,0.6,0.5892857142857142,8,34,22,6,0.36363636363636365,0.34820591198163875,0.6760204081632653,0.3092030076853373
68,68,Atezo,BLCA,LR,PD-L1_wm,0.6285714285714286,0.6875,11,33,23,3,0.45833333333333326,0.5475847535415965,0.7933673469387755,0.5257029895464373
69,69,Atezo,BLCA,LR,PD-L1_wm,0.7142857142857143,0.6875,9,41,15,5,0.4736842105263159,0.36514560567645593,0.7053571428571428,0.3258043219420525
70,70,Atezo,BLCA,LR,PD-L1_wm,0.6714285714285714,0.6339285714285714,8,39,17,6,0.41025641025641024,0.4455190827710127,0.6913265306122449,0.423553231114145
71,71,Atezo,BLCA,LR,PD-L1_wm,0.6428571428571429,0.6428571428571429,9,36,20,5,0.4186046511627907,0.3454613736633464,0.6326530612244898,0.30690301737277254
72,72,Atezo,BLCA,LR,PD-L1_wm,0.5,0.5267857142857143,8,27,29,6,0.3137254901960784,0.3478714135529387,0.5548469387755103,0.32853534581792276
73,73,Atezo,BLCA,LR,PD-L1_wm,0.5714285714285714,0.5178571428571428,6,34,22,8,0.2857142857142857,0.37235206577039814,0.6377551020408164,0.35272008931896137
74,74,Atezo,BLCA,LR,PD-L1_wm,0.6857142857142857,0.7232142857142857,11,37,19,3,0.5,0.4560084260977118,0.7755102040816327,0.41569838032086853
75,75,Atezo,BLCA,LR,PD-L1_wm,0.5714285714285714,0.5982142857142858,9,31,25,5,0.37499999999999994,0.44685342139867434,0.6926020408163265,0.4248059343570758
76,76,Atezo,BLCA,LR,PD-L1_wm,0.6,0.5357142857142857,6,36,20,8,0.3,0.2648173725946584,0.5994897959183674,0.24039654810161085
77,77,Atezo,BLCA,LR,PD-L1_wm,0.6571428571428571,0.5446428571428571,5,41,15,9,0.2941176470588235,0.33390606637808745,0.6403061224489796,0.295797567560327
78,78,Atezo,BLCA,LR,PD-L1_wm,0.6428571428571429,0.6428571428571429,9,36,20,5,0.4186046511627907,0.33128627892469015,0.6862244897959184,0.30440747049039557
79,79,Atezo,BLCA,LR,PD-L1_wm,0.6428571428571429,0.7767857142857143,14,31,25,0,0.5283018867924528,0.44165166476090845,0.8112244897959184,0.4023168994583235
80,80,Atezo,BLCA,LR,PD-L1_wm,0.6428571428571429,0.6964285714285714,11,34,22,3,0.4680851063829786,0.44044604194980136,0.798469387755102,0.4095465875606445
81,81,Atezo,BLCA,LR,PD-L1_wm,0.6428571428571429,0.6160714285714286,8,37,19,6,0.3902439024390244,0.31933104487007624,0.6977040816326531,0.2879010016899683
82,82,Atezo,BLCA,LR,PD-L1_wm,0.6142857142857143,0.5982142857142857,8,35,21,6,0.37209302325581395,0.3621075036107195,0.6785714285714286,0.3427710985139826
83,83,Atezo,BLCA,LR,PD-L1_wm,0.6857142857142857,0.7232142857142857,11,37,19,3,0.5,0.4034602302459446,0.7742346938775511,0.36987299943160373
84,84,Atezo,BLCA,LR,PD-L1_wm,0.6142857142857143,0.625,9,34,22,5,0.4,0.41763098621545447,0.6938775510204083,0.3959328693248131
85,85,Atezo,BLCA,LR,PD-L1_wm,0.5857142857142857,0.6339285714285714,10,31,25,4,0.40816326530612246,0.28279912090944465,0.6823979591836735,0.2589521982118346
86,86,Atezo,BLCA,LR,PD-L1_wm,0.5857142857142857,0.6339285714285714,10,31,25,4,0.40816326530612246,0.44164355964444413,0.7283163265306123,0.4204924098719047
87,87,Atezo,BLCA,LR,PD-L1_wm,0.6,0.5625,7,35,21,7,0.3333333333333333,0.34329169714742425,0.653061224489796,0.3255026190362956
88,88,Atezo,BLCA,LR,PD-L1_wm,0.6571428571428571,0.625,8,38,18,6,0.4,0.31365100336483753,0.6798469387755102,0.2897013725857832
89,89,Atezo,BLCA,LR,PD-L1_wm,0.6714285714285714,0.6607142857142858,9,38,18,5,0.43902439024390244,0.39683237470043975,0.6900510204081634,0.3759833287876163
90,90,Atezo,BLCA,LR,PD-L1_wm,0.6,0.5625,7,35,21,7,0.3333333333333333,0.2586123241936875,0.5867346938775511,0.2320701036499234
91,91,Atezo,BLCA,LR,PD-L1_wm,0.5857142857142857,0.5803571428571428,8,33,23,6,0.35555555555555557,0.46889779008201515,0.7091836734693878,0.4479495844396272
92,92,Atezo,BLCA,LR,PD-L1_wm,0.5714285714285714,0.625,10,30,26,4,0.4,0.3322476976378854,0.6607142857142857,0.29942530265611084
93,93,Atezo,BLCA,LR,PD-L1_wm,0.5857142857142857,0.5803571428571428,8,33,23,6,0.35555555555555557,0.25524129875325996,0.5778061224489796,0.2227949521123853
94,94,Atezo,BLCA,LR,PD-L1_wm,0.6285714285714286,0.6875,11,33,23,3,0.45833333333333326,0.414762169139969,0.7563775510204082,0.37453891281263857
95,95,Atezo,BLCA,LR,PD-L1_wm,0.6571428571428571,0.5714285714285714,6,40,16,8,0.33333333333333326,0.2551818447663403,0.5650510204081634,0.22669679293885336
96,96,Atezo,BLCA,LR,PD-L1_wm,0.5714285714285714,0.5178571428571428,6,34,22,8,0.2857142857142857,0.25255187980004573,0.5573979591836735,0.22800679712139793
97,97,Atezo,BLCA,LR,PD-L1_wm,0.6142857142857143,0.625,9,34,22,5,0.4,0.4274920944279146,0.6466836734693878,0.4064111697992784
98,98,Atezo,BLCA,LR,PD-L1_wm,0.6,0.5625,7,35,21,7,0.3333333333333333,0.3330623809984865,0.6517857142857143,0.3035132295645547
99,99,Atezo,BLCA,LR,PD-L1_wm,0.5571428571428572,0.5625,8,31,25,6,0.3404255319148936,0.3372942013719916,0.6173469387755102,0.29961047143557673
